run,type,module,name,attrname,attrvalue,vectime,vecvalue
General-0-20230512-15:04:36-17086,runattr,,,configname,General,,
General-0-20230512-15:04:36-17086,runattr,,,datetime,20230512-15:04:36,,
General-0-20230512-15:04:36-17086,runattr,,,datetimef,20230512-150436,,
General-0-20230512-15:04:36-17086,runattr,,,experiment,General,,
General-0-20230512-15:04:36-17086,runattr,,,inifile,/home/gasbon/Documents/Famaf/actual/redes/labs/lab3/omnetpp.ini,,
General-0-20230512-15:04:36-17086,runattr,,,iterationvars,,,
General-0-20230512-15:04:36-17086,runattr,,,iterationvarsd,,,
General-0-20230512-15:04:36-17086,runattr,,,iterationvarsf,,,
General-0-20230512-15:04:36-17086,runattr,,,measurement,,,
General-0-20230512-15:04:36-17086,runattr,,,network,Network,,
General-0-20230512-15:04:36-17086,runattr,,,processid,17086,,
General-0-20230512-15:04:36-17086,runattr,,,repetition,0,,
General-0-20230512-15:04:36-17086,runattr,,,replication,#0,,
General-0-20230512-15:04:36-17086,runattr,,,resultdir,results,,
General-0-20230512-15:04:36-17086,runattr,,,runnumber,0,,
General-0-20230512-15:04:36-17086,runattr,,,seedset,0,,
General-0-20230512-15:04:36-17086,config,,,cmdenv-express-mode,true,,
General-0-20230512-15:04:36-17086,config,,,network,Network,,
General-0-20230512-15:04:36-17086,config,,,sim-time-limit,200s,,
General-0-20230512-15:04:36-17086,config,,,Network.nodeTx.gen.generationInterval,exponential(0.25),,
General-0-20230512-15:04:36-17086,config,,,Network.nodeTx.gen.packetByteSize,12500,,
General-0-20230512-15:04:36-17086,config,,,Network.queue.bufferSize,200,,
General-0-20230512-15:04:36-17086,config,,,Network.nodeRx.queue.bufferSize,200,,
General-0-20230512-15:04:36-17086,config,,,Network.nodeTx.queue.bufferSize,2000000,,
General-0-20230512-15:04:36-17086,config,,,Network.nodeRx.queue.serviceTime,exponential(0.001),,
General-0-20230512-15:04:36-17086,config,,,Network.nodeTx.queue.serviceTime,exponential(0.001),,
General-0-20230512-15:04:36-17086,config,,,Network.queue.serviceTime,exponential(0.001),,
General-0-20230512-15:04:36-17086,vector,Network.nodeTx.gen,packetGen,,,"0.198968626141 0.423608723262 0.737591412774 1.202492465793 1.433298248661 1.921184582632 2.117984867627 2.587725881178 2.725488002846 2.969739609444 3.22927943461 3.35056147554 3.494441274761 3.582731059545 4.138612165054 4.153208332327 4.981936402309 5.061525437519 5.182425963756 5.344787550819 5.737011580225 6.155064380306 6.343232908634 6.506703550439 6.716561763664 6.841279765918 7.49084328738 7.942935603449 7.961356942315 8.064251441376 8.087041697907 8.348194824984 8.353301222084 8.468113256398 8.914985172258 9.702527654427 10.078973719086 10.116781432502 10.626859996987 11.137083050965 12.09838851825 12.25881581142 12.660125700685 13.063626219408 13.218358584315 13.402099689612 13.78123368311 14.065218418538 14.096687020898 14.415493946454 14.670851915041 14.888932213802 14.927614633927 15.120323298544 15.843928418041 16.199269588064 16.383726411003 16.411712951161 16.545604381218 16.706028056726 16.782848144764 16.834398965272 17.20646267171 17.540285217866 17.692555823662 17.753567946346 17.963651622749 17.999971129572 18.004713271872 18.102655974541 18.343001209307 18.383535331668 18.620284500962 18.683144983981 18.923031978323 19.04517124065 19.764649995969 20.346878339523 20.633163078198 20.782599597403 20.893979221166 21.13135286704 21.274985968725 21.856573734149 22.155600684013 22.181740990457 22.197269813074 23.072323234188 23.347051351076 23.611759883948 23.88940924537 23.936265761874 23.995317438395 24.10616844555 24.140675617657 24.487936290105 24.582676781176 24.816692171119 24.929717686175 25.027995825501 25.239102773883 25.248898562986 25.393229640688 25.64469739198 26.758321603524 27.556558264037 27.583467041076 27.847923644414 27.906499024108 28.158503835463 28.202482221819 29.54250730938 29.807192988154 30.02517195156 30.098192084877 30.231958254148 30.388943649396 30.549888899797 30.619958151917 30.864174170435 30.907456034472 31.010581341953 31.039820194401 31.320612269784 31.587630319071 31.683019279915 31.720197347228 32.096856180546 32.151576329673 32.898373802636 33.013377292071 33.284944637291 33.71502755172 33.718443696328 33.743979916709 33.987755400248 34.442710130069 34.722663721507 34.747922415334 35.64131950842 36.578577373316 37.104907698514 37.262991847613 37.441137745946 38.381619567072 38.395951298678 38.628070922903 38.778057644563 39.114118962601 39.119166494638 39.129160569403 39.27488016662 39.357982726861 40.330875257572 40.3628894489 40.47424431438 40.562038336725 40.725949907816 40.757547066922 41.049265448559 41.144940685774 41.675999985024 41.809721078963 42.435699024734 42.452273375105 42.513372237125 42.808169618891 43.016380497908 43.225404880901 43.726215011528 43.803318721552 43.981130705856 44.166320443468 44.787716032712 44.812378609817 45.447454736807 45.661928647076 45.683621267661 46.34593524983 46.427270353712 46.523160407237 46.525510594903 46.800722072426 47.262553985176 47.297886663566 47.558331827111 47.873315279638 48.33363589751 48.419049439267 48.495928870208 48.54651647985 48.673316510664 48.894098771154 49.095298121104 49.100376235803 49.145439298799 49.586874566902 49.702307290913 49.703483926036 49.743069302594 50.026227838087 50.236998596124 50.315679011338 50.619806174697 50.951995643135 51.037082327694 51.855868122123 51.997844160493 52.06934940362 52.422105505944 52.636703747901 52.762789699548 52.986937417244 53.552870811209 53.7651760141 54.019840696605 54.082945694828 54.638322419447 55.401392833668 55.686294824551 55.834450831414 55.983545679996 56.45191064996 57.412662295771 57.713221937583 57.744103599424 57.832358632743 58.196563272384 58.61679382352 58.749474447674 58.875729134613 59.157049638824 59.689424487841 59.761277106859 59.978911063441 60.072845774043 60.606553386539 61.447645999802 61.742491733213 61.964457085822 62.287434403022 62.556893124056 62.730842989281 62.921309932105 63.70267702152 63.768191331939 64.0263905846 64.151968284165 64.289817281699 64.530930673072 64.764031393174 64.925057570255 64.929902515592 65.0886844445 65.178416248467 65.493177127783 65.763007177447 65.847923360593 65.933573266768 66.054482188415 66.295075952358 66.640820753992 66.78081102151 67.307672922748 67.34406641736 67.371203191984 67.459759225045 67.483989913689 67.694962031837 67.80421903528 68.027651304856 68.228289301296 68.441809235207 68.450360089797 68.715112436142 69.583246305963 69.847208708128 69.943991231165 70.085143856445 70.147664230189 70.714822728362 70.752896134676 70.867439355666 70.893019509379 71.036134897236 72.070587337364 72.62681600167 72.702207479976 73.112431874458 73.304951089345 73.609205963179 73.75772433776 73.784127498667 73.810347957567 74.440168490088 74.548754904074 74.861906785302 75.020272439733 76.711620069717 77.171553265986 77.212020787664 77.799565110102 78.306042314378 78.315613042599 78.359944436385 78.537423918191 78.776415524172 78.822050174643 78.855096102047 79.232551965949 79.703534187596 80.204030811477 80.615710586809 80.748211306343 80.958681546776 80.996379299324 81.127096806846 81.135543503234 81.153462349312 82.165924059013 82.464783700584 82.581601842186 82.732676610148 82.868890892184 83.188974443137 83.201952581183 83.705145765234 83.818873726432 84.746363874408 84.750555815906 85.234700125279 85.300282452571 85.303228260551 85.665176781048 85.776739986178 86.497892924204 86.82521751521 87.171790353215 87.21886409702 87.322517232685 87.506550007682 87.67466513689 87.688632650112 87.79212738078 87.847912182805 87.89736955967 87.902043427275 87.948923165076 88.343526345602 88.499175681597 88.562552107883 89.081559872994 89.187474148333 89.908610220435 90.566664936072 90.800949615503 91.105648816339 91.33263982317 91.340729024331 91.723436830898 91.768426166286 91.94172610867 92.184596648194 92.197517374643 92.412748283813 92.712991010448 92.780908028034 94.000691250032 94.68102831401 94.758770265252 94.996727692138 95.280876815952 95.472646729595 95.971939721467 96.194784365695 96.542203631639 96.869649974479 97.704133557942 97.797605181918 97.999600195268 98.12656647594 98.186254694152 98.245135837507 98.308035490785 98.359543502906 98.421258320106 99.143527218081 99.354271911935 99.690608770243 99.841028516874 100.009589659283 100.888209329417 100.952712520402 101.237996996117 101.311373909098 101.333662481597 101.348607722326 101.363125812855 101.505600204182 101.672878635104 101.766296083703 102.298463607336 102.59642813325 103.533101786706 103.651705859289 103.892065752182 103.941557686015 104.137051616234 104.143298704562 104.625388738782 104.64279315655 104.983276087626 105.267660714011 105.43046839699 105.581613701574 105.864202588052 106.056482538326 106.289997621477 106.857457625423 107.171008442946 108.330921574539 108.489404079388 108.550526834899 108.702735063333 108.974711171737 109.566940714446 109.6433419399 109.680240948123 109.685457752776 109.750545605663 110.105641469559 110.639032291428 110.735454214939 111.322415155296 111.443324752168 111.70278727104 111.924662753161 112.022806010208 112.467341844417 112.650683762709 112.898559835933 112.898573673907 113.413778984127 113.507219807581 113.587113471299 113.725656178561 114.125586039021 114.66702695924 114.718363901424 115.003128314092 115.76642448149 115.918685634667 116.209463955523 116.37458972546 116.435269348878 116.82393508333 117.560055152686 117.62521518503 117.953342183271 118.484028846756 118.557266711378 118.651374049258 118.711354929117 119.500628814471 119.683185730781 119.842732882179 119.849232318477 120.160070012964 120.21820126756 120.259919927868 120.398129520531 120.725872612571 120.843041731565 121.10284314071 121.258550468151 121.319030379344 121.400334383838 121.451923882239 121.672870296247 122.084889339537 122.583399139856 122.927069128306 122.958327275787 123.239192400674 123.421323361358 123.50237313973 123.537783648429 123.58584900864 123.901302177012 124.206052013307 124.33212199662 124.48763122639 124.695975786551 125.154791637286 125.205406328211 125.262717409513 125.301836352109 125.346904927004 125.514290074719 125.547625230537 125.65748907816 125.977595166655 126.682754153759 126.690485726649 127.052874420756 127.396460174361 127.741700948278 127.76599286787 128.351115858034 128.412415381195 128.43419252701 128.780021643548 128.980869584215 129.309776148789 129.529329918469 129.54100185438 130.358125954586 130.4167899169 130.503169812827 130.587708491538 130.656590475798 130.939320095595 130.965741889121 130.982020105318 130.986161628923 131.18894688448 131.85208651336 131.854407269455 132.131509708008 132.579007109128 132.963464287747 134.002457061638 134.085184531932 134.389107150272 134.609827286511 134.659937835282 134.676460837955 134.856022457982 135.02222439537 135.239365828236 136.187871774008 136.575124693797 137.098013836953 137.33116680077 137.434349267452 137.495953223005 138.310683467301 138.462503289456 138.528397567665 139.056119761261 139.801669930129 139.971120430643 140.680280478987 140.99458972788 141.395954418647 141.562415040306 141.811280951148 142.119501066906 142.637941432681 142.810300067143 142.89698839309 143.362346303836 143.83487172836 143.888895782509 144.129398764157 144.50045938482 144.503790696027 145.418705028718 145.525338981727 146.021026207878 146.0611097315 146.440126963956 147.442114377675 148.492579234237 148.655278569827 149.005447494067 149.177433363682 149.178447444012 149.433494216001 149.511993690517 149.626941519961 149.759058327036 149.795864586364 149.935616503862 150.367274848798 150.455673992614 150.508307314665 150.636485975322 150.81549730482 150.847642364139 150.911145208727 151.898053525617 151.923795616547 152.054065321818 152.549537907095 152.760071982804 153.66230723405 153.767555558562 154.577546300287 154.966369890376 155.55896678553 155.691457180348 156.063314618933 156.174601953785 156.275897674371 156.403395382833 156.424540255773 156.514363732055 156.645105645469 157.018263686517 157.084331302551 157.735974253131 157.771505630979 157.86988123376 157.883608076898 158.64732302165 158.970609986349 158.97412163416 158.976994946712 159.167600867766 159.535651907264 159.626462461989 159.666195756903 160.202292123031 160.223007691261 160.295135868848 160.318604505669 160.60144919757 160.880171053047 161.295912498216 161.366293503834 161.507767139243 161.644181567935 161.992898840751 162.196653423475 162.639058379277 163.131572770675 163.250692416324 163.575303825225 163.60068734621 163.679477353389 163.753452821701 163.788694792805 164.01277709406 164.027018727177 164.188812403188 164.278552732782 164.445878450779 164.521871340586 164.675231112984 164.827497226815 165.013393024759 165.300828371696 165.446684314455 165.744058377289 166.2227689417 166.306119776294 166.44816239723 166.567641894108 167.006070555364 167.056034439844 167.23403645625 167.622472831758 167.645057142778 167.659689117515 167.92942084464 168.227924187289 168.285779430278 168.662833238185 169.132612846738 169.508216045166 169.794138700313 169.869219970384 169.918335441858 170.035362055167 170.053466832696 170.274906994203 170.277340846538 170.356986808508 170.913507805868 171.029355312753 171.065168568098 171.120035608321 171.497651008627 171.651630829573 172.299742981769 172.311152494143 172.625125865228 173.027230327499 173.195968070912 173.215987784898 173.374470816521 173.557357151304 174.093132076411 174.184744899369 174.352302868513 174.567719741462 174.701570829235 175.502773036638 175.550597048113 175.809908321639 175.97113544443 175.980136151867 176.362848256603 176.503554557057 176.706779147353 176.885125218053 176.928674008147 177.120737343614 177.15955873999 177.44550758477 177.707579861009 177.788872578631 177.982583173507 178.017071481489 178.115585874476 178.240258957694 178.280011961894 179.063219334281 179.106769013427 179.15856530899 179.193212014346 179.779021996869 179.995256524226 180.191465779124 180.215665147201 180.36828585845 180.971789966077 181.506145388681 181.527799637293 181.681200689728 182.084033689508 182.406024183277 182.930183251658 183.057483873375 183.082013754032 183.667981164232 183.806895892522 184.099711816259 184.259955202575 184.560633648532 184.777626144036 184.876896381541 185.191806674197 185.545252506582 185.55211303169 185.804805322465 186.133435846986 186.202051727487 186.566191780381 186.609940542436 186.612394151536 187.010283182234 187.102428917137 187.90199266133 187.968265936682 188.121452297898 188.296458706927 188.519959057597 189.288227863293 189.775722091255 189.979726732246 190.132491122567 190.158129095818 190.916614738917 191.159617461682 191.373976237335 191.870961101046 192.300728428993 192.343613085836 192.942408033183 194.163282780769 194.585841519459 194.608049615123 194.651463755925 194.676269137546 194.924089013986 195.175101807456 195.302156670969 196.047601585301 196.063793008498 196.753944122419 196.891870025567 197.040140424898 197.114972520503 197.440181877368 197.912864165976 198.251793794439 198.26026175825 198.351938046699 199.15037851487 199.182271908319 199.292041154716 199.438733356386 199.549022059068 199.673324380654 199.67744020165 199.867181395212 199.918394461999","1 1 1 1 1 1 1 1 1 1 1 1 1 1 1 1 1 1 1 1 1 1 1 1 1 1 1 1 1 1 1 1 1 1 1 1 1 1 1 1 1 1 1 1 1 1 1 1 1 1 1 1 1 1 1 1 1 1 1 1 1 1 1 1 1 1 1 1 1 1 1 1 1 1 1 1 1 1 1 1 1 1 1 1 1 1 1 1 1 1 1 1 1 1 1 1 1 1 1 1 1 1 1 1 1 1 1 1 1 1 1 1 1 1 1 1 1 1 1 1 1 1 1 1 1 1 1 1 1 1 1 1 1 1 1 1 1 1 1 1 1 1 1 1 1 1 1 1 1 1 1 1 1 1 1 1 1 1 1 1 1 1 1 1 1 1 1 1 1 1 1 1 1 1 1 1 1 1 1 1 1 1 1 1 1 1 1 1 1 1 1 1 1 1 1 1 1 1 1 1 1 1 1 1 1 1 1 1 1 1 1 1 1 1 1 1 1 1 1 1 1 1 1 1 1 1 1 1 1 1 1 1 1 1 1 1 1 1 1 1 1 1 1 1 1 1 1 1 1 1 1 1 1 1 1 1 1 1 1 1 1 1 1 1 1 1 1 1 1 1 1 1 1 1 1 1 1 1 1 1 1 1 1 1 1 1 1 1 1 1 1 1 1 1 1 1 1 1 1 1 1 1 1 1 1 1 1 1 1 1 1 1 1 1 1 1 1 1 1 1 1 1 1 1 1 1 1 1 1 1 1 1 1 1 1 1 1 1 1 1 1 1 1 1 1 1 1 1 1 1 1 1 1 1 1 1 1 1 1 1 1 1 1 1 1 1 1 1 1 1 1 1 1 1 1 1 1 1 1 1 1 1 1 1 1 1 1 1 1 1 1 1 1 1 1 1 1 1 1 1 1 1 1 1 1 1 1 1 1 1 1 1 1 1 1 1 1 1 1 1 1 1 1 1 1 1 1 1 1 1 1 1 1 1 1 1 1 1 1 1 1 1 1 1 1 1 1 1 1 1 1 1 1 1 1 1 1 1 1 1 1 1 1 1 1 1 1 1 1 1 1 1 1 1 1 1 1 1 1 1 1 1 1 1 1 1 1 1 1 1 1 1 1 1 1 1 1 1 1 1 1 1 1 1 1 1 1 1 1 1 1 1 1 1 1 1 1 1 1 1 1 1 1 1 1 1 1 1 1 1 1 1 1 1 1 1 1 1 1 1 1 1 1 1 1 1 1 1 1 1 1 1 1 1 1 1 1 1 1 1 1 1 1 1 1 1 1 1 1 1 1 1 1 1 1 1 1 1 1 1 1 1 1 1 1 1 1 1 1 1 1 1 1 1 1 1 1 1 1 1 1 1 1 1 1 1 1 1 1 1 1 1 1 1 1 1 1 1 1 1 1 1 1 1 1 1 1 1 1 1 1 1 1 1 1 1 1 1 1 1 1 1 1 1 1 1 1 1 1 1 1 1 1 1 1 1 1 1 1 1 1 1 1 1 1 1 1 1 1 1 1 1 1 1 1 1 1 1 1 1 1 1 1 1 1 1 1 1 1 1 1 1 1 1 1 1 1 1 1 1 1 1 1 1 1 1 1 1 1 1 1 1 1 1 1 1 1 1 1 1 1 1 1 1 1 1 1 1 1 1 1 1 1 1 1 1 1 1 1 1 1 1 1 1 1 1 1 1 1 1 1 1 1 1 1 1 1 1 1 1 1 1 1 1 1 1 1 1 1 1 1 1 1 1 1 1 1 1 1 1 1 1 1 1 1 1 1 1 1 1 1 1 1 1 1 1 1 1 1"
General-0-20230512-15:04:36-17086,vector,Network.nodeTx.queue,bufferSize,,,"0.198968626141 0.423608723262 0.737591412774 1.202492465793 1.433298248661 1.921184582632 2.117984867627 2.587725881178 2.725488002846 2.969739609444 3.22927943461 3.35056147554 3.494441274761 3.582731059545 4.138612165054 4.153208332327 4.981936402309 5.061525437519 5.182425963756 5.344787550819 5.737011580225 6.155064380306 6.343232908634 6.506703550439 6.716561763664 6.841279765918 7.49084328738 7.942935603449 7.961356942315 8.064251441376 8.087041697907 8.348194824984 8.353301222084 8.468113256398 8.914985172258 9.702527654427 10.078973719086 10.116781432502 10.626859996987 11.137083050965 12.09838851825 12.25881581142 12.660125700685 13.063626219408 13.218358584315 13.402099689612 13.78123368311 14.065218418538 14.096687020898 14.415493946454 14.670851915041 14.888932213802 14.927614633927 15.120323298544 15.843928418041 16.199269588064 16.383726411003 16.411712951161 16.545604381218 16.706028056726 16.782848144764 16.834398965272 17.20646267171 17.540285217866 17.692555823662 17.753567946346 17.963651622749 17.999971129572 18.004713271872 18.102655974541 18.343001209307 18.383535331668 18.620284500962 18.683144983981 18.923031978323 19.04517124065 19.764649995969 20.346878339523 20.633163078198 20.782599597403 20.893979221166 21.13135286704 21.274985968725 21.856573734149 22.155600684013 22.181740990457 22.197269813074 23.072323234188 23.347051351076 23.611759883948 23.88940924537 23.936265761874 23.995317438395 24.10616844555 24.140675617657 24.487936290105 24.582676781176 24.816692171119 24.929717686175 25.027995825501 25.239102773883 25.248898562986 25.393229640688 25.64469739198 26.758321603524 27.556558264037 27.583467041076 27.847923644414 27.906499024108 28.158503835463 28.202482221819 29.54250730938 29.807192988154 30.02517195156 30.098192084877 30.231958254148 30.388943649396 30.549888899797 30.619958151917 30.864174170435 30.907456034472 31.010581341953 31.039820194401 31.320612269784 31.587630319071 31.683019279915 31.720197347228 32.096856180546 32.151576329673 32.898373802636 33.013377292071 33.284944637291 33.71502755172 33.718443696328 33.743979916709 33.987755400248 34.442710130069 34.722663721507 34.747922415334 35.64131950842 36.578577373316 37.104907698514 37.262991847613 37.441137745946 38.381619567072 38.395951298678 38.628070922903 38.778057644563 39.114118962601 39.119166494638 39.129160569403 39.27488016662 39.357982726861 40.330875257572 40.3628894489 40.47424431438 40.562038336725 40.725949907816 40.757547066922 41.049265448559 41.144940685774 41.675999985024 41.809721078963 42.435699024734 42.452273375105 42.513372237125 42.808169618891 43.016380497908 43.225404880901 43.726215011528 43.803318721552 43.981130705856 44.166320443468 44.787716032712 44.812378609817 45.447454736807 45.661928647076 45.683621267661 46.34593524983 46.427270353712 46.523160407237 46.525510594903 46.800722072426 47.262553985176 47.297886663566 47.558331827111 47.873315279638 48.33363589751 48.419049439267 48.495928870208 48.54651647985 48.673316510664 48.894098771154 49.095298121104 49.100376235803 49.145439298799 49.586874566902 49.702307290913 49.703483926036 49.743069302594 50.026227838087 50.236998596124 50.315679011338 50.619806174697 50.951995643135 51.037082327694 51.855868122123 51.997844160493 52.06934940362 52.422105505944 52.636703747901 52.762789699548 52.986937417244 53.552870811209 53.7651760141 54.019840696605 54.082945694828 54.638322419447 55.401392833668 55.686294824551 55.834450831414 55.983545679996 56.45191064996 57.412662295771 57.713221937583 57.744103599424 57.832358632743 58.196563272384 58.61679382352 58.749474447674 58.875729134613 59.157049638824 59.689424487841 59.761277106859 59.978911063441 60.072845774043 60.606553386539 61.447645999802 61.742491733213 61.964457085822 62.287434403022 62.556893124056 62.730842989281 62.921309932105 63.70267702152 63.768191331939 64.0263905846 64.151968284165 64.289817281699 64.530930673072 64.764031393174 64.925057570255 64.929902515592 65.0886844445 65.178416248467 65.493177127783 65.763007177447 65.847923360593 65.933573266768 66.054482188415 66.295075952358 66.640820753992 66.78081102151 67.307672922748 67.34406641736 67.371203191984 67.459759225045 67.483989913689 67.694962031837 67.80421903528 68.027651304856 68.228289301296 68.441809235207 68.450360089797 68.715112436142 69.583246305963 69.847208708128 69.943991231165 70.085143856445 70.147664230189 70.714822728362 70.752896134676 70.867439355666 70.893019509379 71.036134897236 72.070587337364 72.62681600167 72.702207479976 73.112431874458 73.304951089345 73.609205963179 73.75772433776 73.784127498667 73.810347957567 74.440168490088 74.548754904074 74.861906785302 75.020272439733 76.711620069717 77.171553265986 77.212020787664 77.799565110102 78.306042314378 78.315613042599 78.359944436385 78.537423918191 78.776415524172 78.822050174643 78.855096102047 79.232551965949 79.703534187596 80.204030811477 80.615710586809 80.748211306343 80.958681546776 80.996379299324 81.127096806846 81.135543503234 81.153462349312 82.165924059013 82.464783700584 82.581601842186 82.732676610148 82.868890892184 83.188974443137 83.201952581183 83.705145765234 83.818873726432 84.746363874408 84.750555815906 85.234700125279 85.300282452571 85.303228260551 85.665176781048 85.776739986178 86.497892924204 86.82521751521 87.171790353215 87.21886409702 87.322517232685 87.506550007682 87.67466513689 87.688632650112 87.79212738078 87.847912182805 87.89736955967 87.902043427275 87.948923165076 88.343526345602 88.499175681597 88.562552107883 89.081559872994 89.187474148333 89.908610220435 90.566664936072 90.800949615503 91.105648816339 91.33263982317 91.340729024331 91.723436830898 91.768426166286 91.94172610867 92.184596648194 92.197517374643 92.412748283813 92.712991010448 92.780908028034 94.000691250032 94.68102831401 94.758770265252 94.996727692138 95.280876815952 95.472646729595 95.971939721467 96.194784365695 96.542203631639 96.869649974479 97.704133557942 97.797605181918 97.999600195268 98.12656647594 98.186254694152 98.245135837507 98.308035490785 98.359543502906 98.421258320106 99.143527218081 99.354271911935 99.690608770243 99.841028516874 100.009589659283 100.888209329417 100.952712520402 101.237996996117 101.311373909098 101.333662481597 101.348607722326 101.363125812855 101.505600204182 101.672878635104 101.766296083703 102.298463607336 102.59642813325 103.533101786706 103.651705859289 103.892065752182 103.941557686015 104.137051616234 104.143298704562 104.625388738782 104.64279315655 104.983276087626 105.267660714011 105.43046839699 105.581613701574 105.864202588052 106.056482538326 106.289997621477 106.857457625423 107.171008442946 108.330921574539 108.489404079388 108.550526834899 108.702735063333 108.974711171737 109.566940714446 109.6433419399 109.680240948123 109.685457752776 109.750545605663 110.105641469559 110.639032291428 110.735454214939 111.322415155296 111.443324752168 111.70278727104 111.924662753161 112.022806010208 112.467341844417 112.650683762709 112.898559835933 112.898573673907 113.413778984127 113.507219807581 113.587113471299 113.725656178561 114.125586039021 114.66702695924 114.718363901424 115.003128314092 115.76642448149 115.918685634667 116.209463955523 116.37458972546 116.435269348878 116.82393508333 117.560055152686 117.62521518503 117.953342183271 118.484028846756 118.557266711378 118.651374049258 118.711354929117 119.500628814471 119.683185730781 119.842732882179 119.849232318477 120.160070012964 120.21820126756 120.259919927868 120.398129520531 120.725872612571 120.843041731565 121.10284314071 121.258550468151 121.319030379344 121.400334383838 121.451923882239 121.672870296247 122.084889339537 122.583399139856 122.927069128306 122.958327275787 123.239192400674 123.421323361358 123.50237313973 123.537783648429 123.58584900864 123.901302177012 124.206052013307 124.33212199662 124.48763122639 124.695975786551 125.154791637286 125.205406328211 125.262717409513 125.301836352109 125.346904927004 125.514290074719 125.547625230537 125.65748907816 125.977595166655 126.682754153759 126.690485726649 127.052874420756 127.396460174361 127.741700948278 127.76599286787 128.351115858034 128.412415381195 128.43419252701 128.780021643548 128.980869584215 129.309776148789 129.529329918469 129.54100185438 130.358125954586 130.4167899169 130.503169812827 130.587708491538 130.656590475798 130.939320095595 130.965741889121 130.982020105318 130.986161628923 131.18894688448 131.85208651336 131.854407269455 132.131509708008 132.579007109128 132.963464287747 134.002457061638 134.085184531932 134.389107150272 134.609827286511 134.659937835282 134.676460837955 134.856022457982 135.02222439537 135.239365828236 136.187871774008 136.575124693797 137.098013836953 137.33116680077 137.434349267452 137.495953223005 138.310683467301 138.462503289456 138.528397567665 139.056119761261 139.801669930129 139.971120430643 140.680280478987 140.99458972788 141.395954418647 141.562415040306 141.811280951148 142.119501066906 142.637941432681 142.810300067143 142.89698839309 143.362346303836 143.83487172836 143.888895782509 144.129398764157 144.50045938482 144.503790696027 145.418705028718 145.525338981727 146.021026207878 146.0611097315 146.440126963956 147.442114377675 148.492579234237 148.655278569827 149.005447494067 149.177433363682 149.178447444012 149.433494216001 149.511993690517 149.626941519961 149.759058327036 149.795864586364 149.935616503862 150.367274848798 150.455673992614 150.508307314665 150.636485975322 150.81549730482 150.847642364139 150.911145208727 151.898053525617 151.923795616547 152.054065321818 152.549537907095 152.760071982804 153.66230723405 153.767555558562 154.577546300287 154.966369890376 155.55896678553 155.691457180348 156.063314618933 156.174601953785 156.275897674371 156.403395382833 156.424540255773 156.514363732055 156.645105645469 157.018263686517 157.084331302551 157.735974253131 157.771505630979 157.86988123376 157.883608076898 158.64732302165 158.970609986349 158.97412163416 158.976994946712 159.167600867766 159.535651907264 159.626462461989 159.666195756903 160.202292123031 160.223007691261 160.295135868848 160.318604505669 160.60144919757 160.880171053047 161.295912498216 161.366293503834 161.507767139243 161.644181567935 161.992898840751 162.196653423475 162.639058379277 163.131572770675 163.250692416324 163.575303825225 163.60068734621 163.679477353389 163.753452821701 163.788694792805 164.01277709406 164.027018727177 164.188812403188 164.278552732782 164.445878450779 164.521871340586 164.675231112984 164.827497226815 165.013393024759 165.300828371696 165.446684314455 165.744058377289 166.2227689417 166.306119776294 166.44816239723 166.567641894108 167.006070555364 167.056034439844 167.23403645625 167.622472831758 167.645057142778 167.659689117515 167.92942084464 168.227924187289 168.285779430278 168.662833238185 169.132612846738 169.508216045166 169.794138700313 169.869219970384 169.918335441858 170.035362055167 170.053466832696 170.274906994203 170.277340846538 170.356986808508 170.913507805868 171.029355312753 171.065168568098 171.120035608321 171.497651008627 171.651630829573 172.299742981769 172.311152494143 172.625125865228 173.027230327499 173.195968070912 173.215987784898 173.374470816521 173.557357151304 174.093132076411 174.184744899369 174.352302868513 174.567719741462 174.701570829235 175.502773036638 175.550597048113 175.809908321639 175.97113544443 175.980136151867 176.362848256603 176.503554557057 176.706779147353 176.885125218053 176.928674008147 177.120737343614 177.15955873999 177.44550758477 177.707579861009 177.788872578631 177.982583173507 178.017071481489 178.115585874476 178.240258957694 178.280011961894 179.063219334281 179.106769013427 179.15856530899 179.193212014346 179.779021996869 179.995256524226 180.191465779124 180.215665147201 180.36828585845 180.971789966077 181.506145388681 181.527799637293 181.681200689728 182.084033689508 182.406024183277 182.930183251658 183.057483873375 183.082013754032 183.667981164232 183.806895892522 184.099711816259 184.259955202575 184.560633648532 184.777626144036 184.876896381541 185.191806674197 185.545252506582 185.55211303169 185.804805322465 186.133435846986 186.202051727487 186.566191780381 186.609940542436 186.612394151536 187.010283182234 187.102428917137 187.90199266133 187.968265936682 188.121452297898 188.296458706927 188.519959057597 189.288227863293 189.775722091255 189.979726732246 190.132491122567 190.158129095818 190.916614738917 191.159617461682 191.373976237335 191.870961101046 192.300728428993 192.343613085836 192.942408033183 194.163282780769 194.585841519459 194.608049615123 194.651463755925 194.676269137546 194.924089013986 195.175101807456 195.302156670969 196.047601585301 196.063793008498 196.753944122419 196.891870025567 197.040140424898 197.114972520503 197.440181877368 197.912864165976 198.251793794439 198.26026175825 198.351938046699 199.15037851487 199.182271908319 199.292041154716 199.438733356386 199.549022059068 199.673324380654 199.67744020165 199.867181395212 199.918394461999","1 1 1 1 1 1 1 1 1 1 1 1 1 1 1 1 1 1 1 1 1 1 1 1 1 1 1 1 1 1 2 1 1 1 1 1 1 1 1 1 1 1 1 1 1 1 1 1 1 1 1 1 1 1 1 1 1 1 1 1 1 1 1 1 1 1 1 1 2 2 1 1 1 1 1 1 1 1 1 1 1 1 1 1 1 1 2 1 1 1 1 1 1 1 2 1 1 1 1 1 1 1 1 1 1 1 1 1 1 1 1 1 1 1 1 1 1 1 1 1 1 1 2 1 1 1 1 1 1 1 1 1 1 1 2 1 1 1 1 1 1 1 1 1 1 1 1 1 1 1 2 2 2 1 1 1 1 1 1 1 1 1 1 1 1 2 1 1 1 1 1 1 1 1 1 1 1 1 1 1 1 2 1 1 1 1 1 1 1 1 1 1 1 1 1 2 1 1 1 2 1 1 1 1 1 1 1 1 1 1 1 1 1 1 1 1 1 1 1 1 1 1 1 1 1 1 1 1 1 1 1 1 1 1 1 1 1 1 1 1 1 1 1 1 1 1 1 1 1 1 1 1 1 1 1 1 1 1 1 1 1 1 1 1 1 2 2 3 2 2 1 1 1 1 1 1 1 1 1 1 1 1 1 2 1 1 1 1 1 1 1 1 1 2 1 1 1 1 1 1 1 1 1 1 2 1 1 1 2 1 1 1 1 1 1 1 1 2 3 1 1 1 1 1 1 1 1 1 1 1 1 1 2 1 1 1 1 1 1 1 1 1 1 1 2 2 3 4 1 1 1 1 1 1 1 1 1 1 1 1 1 1 1 1 1 1 1 1 1 1 1 1 1 1 1 1 1 1 1 1 1 1 1 2 2 3 1 1 1 1 1 1 1 1 1 2 2 3 3 2 2 1 1 1 1 1 1 1 1 1 1 1 1 1 1 1 1 1 1 1 1 1 1 1 1 1 1 1 2 3 1 1 1 1 1 1 1 1 1 1 1 1 1 1 1 1 1 1 1 1 1 1 1 1 1 1 1 1 1 1 1 1 1 1 1 1 1 1 1 2 1 1 1 1 1 1 1 2 1 1 1 1 1 1 1 1 1 2 1 1 1 1 1 1 1 1 2 3 2 3 2 1 1 1 1 1 1 1 1 1 2 1 1 1 1 1 1 1 1 1 2 1 1 2 3 2 1 1 1 1 1 1 1 1 1 1 2 1 1 1 1 1 1 1 1 1 1 1 1 1 1 1 1 1 1 1 1 1 1 1 1 1 1 1 1 1 1 1 1 1 1 1 1 1 1 1 1 1 1 1 1 1 1 1 1 1 1 1 1 1 2 1 1 1 1 1 1 1 1 1 1 1 1 1 1 1 1 1 1 1 1 1 1 1 2 1 1 1 2 2 1 1 1 1 1 2 2 1 1 1 1 1 1 1 1 1 1 1 1 1 1 2 2 1 2 1 1 1 1 1 1 1 1 1 1 1 1 1 1 1 1 1 1 1 2 1 1 1 1 1 1 1 1 1 1 2 1 2 2 1 1 1 2 1 1 1 1 1 1 1 1 1 1 1 1 1 1 1 1 1 1 1 1 1 1 1 1 1 1 1 1 1 1 1 1 1 1 2 1 1 2 2 1 1 1 1 1 1 1 1 1 1 1 1 1 1 1 1 1 1 1 1 1 1 1 1 1 1 1 1 1 2 1 1 1 1 1 1 1 1 1 1 1 1 1 1 1 1 1 1 1 1 1 1 2 3 1 1 1 1 1 1 1 1 1 1 1 1 1 1 1 1 1 1 1 1 1 1 1"
General-0-20230512-15:04:36-17086,vector,Network.queue,bufferSize,,,"0.299068626141 0.523708723262 0.837691412774 1.302592465793 1.533398248661 2.021284582632 2.218084867627 2.687825881178 2.825588002846 3.069839609444 3.32937943461 3.45066147554 3.594541274761 3.694541274761 4.238712165054 4.338712165054 5.082036402309 5.182036402309 5.282525963756 5.444887550819 5.837111580225 6.255164380306 6.443332908634 6.606803550439 6.816661763664 6.941379765918 7.59094328738 8.043035603449 8.143035603449 8.243035603449 8.343035603449 8.448294824984 8.548294824984 8.648294824984 9.015085172258 9.802627654427 10.179073719086 10.279073719086 10.726959996987 11.237183050965 12.19848851825 12.35891581142 12.760225700685 13.163726219408 13.318458584315 13.502199689612 13.88133368311 14.165318418538 14.265318418538 14.515593946454 14.770951915041 14.989032213802 15.089032213802 15.220423298544 15.944028418041 16.299369588064 16.483826411003 16.583826411003 16.683826411003 16.806128056726 16.906128056726 17.006128056726 17.30656267171 17.640385217866 17.792655823662 17.892655823662 18.063751622749 18.163751622749 18.263751622749 18.363751622749 18.463751622749 18.563751622749 18.720384500962 18.820384500962 19.023131978323 19.14527124065 19.864749995969 20.446978339523 20.733263078198 20.882699597403 20.994079221166 21.23145286704 21.375085968725 21.956673734149 22.255700684013 22.355700684013 22.455700684013 23.172423234188 23.447151351076 23.711859883948 23.98950924537 24.08950924537 24.18950924537 24.28950924537 24.38950924537 24.588036290105 24.688036290105 24.916792171119 25.029817686175 25.129817686175 25.339202773883 25.439202773883 25.539202773883 25.74479739198 26.858421603524 27.656658264037 27.756658264037 27.948023644414 28.048023644414 28.258603835463 28.358603835463 29.64260730938 29.907292988154 30.12527195156 30.22527195156 30.332058254148 30.489043649396 30.649988899797 30.749988899797 30.964274170435 31.064274170435 31.164274170435 31.264274170435 31.420712269784 31.687730319071 31.787730319071 31.887730319071 32.196956180546 32.296956180546 32.998473802636 33.113477292071 33.385044637291 33.81512755172 33.91512755172 34.01512755172 34.11512755172 34.542810130069 34.822763721507 34.922763721507 35.74141950842 36.678677373316 37.205007698514 37.363091847613 37.541237745946 38.481719567072 38.581719567072 38.728170922903 38.878157644563 39.214218962601 39.314218962601 39.414218962601 39.514218962601 39.614218962601 40.430975257572 40.530975257572 40.630975257572 40.730975257572 40.830975257572 40.930975257572 41.149365448559 41.249365448559 41.776099985024 41.909821078963 42.535799024734 42.635799024734 42.735799024734 42.908269618891 43.116480497908 43.325504880901 43.826315011528 43.926315011528 44.081230705856 44.266420443468 44.887816032712 44.987816032712 45.547554736807 45.762028647076 45.862028647076 46.44603524983 46.54603524983 46.64603524983 46.74603524983 46.900822072426 47.362653985176 47.462653985176 47.658431827111 47.973415279638 48.43373589751 48.53373589751 48.63373589751 48.73373589751 48.83373589751 48.994198771154 49.195398121104 49.295398121104 49.395398121104 49.686974566902 49.802407290913 49.902407290913 50.002407290913 50.126327838087 50.337098596124 50.437098596124 50.719906174697 51.052095643135 51.152095643135 51.955968122123 52.097944160493 52.197944160493 52.522205505944 52.736803747901 52.862889699548 53.087037417244 53.652970811209 53.8652760141 54.119940696605 54.219940696605 54.738422419447 55.501492833668 55.786394824551 55.934550831414 56.083645679996 56.55201064996 57.512762295771 57.813321937583 57.913321937583 58.013321937583 58.296663272384 58.71689382352 58.849574447674 58.975829134613 59.257149638824 59.789524487841 59.889524487841 60.079011063441 60.179011063441 60.706653386539 61.547745999802 61.842591733213 62.064557085822 62.387534403022 62.656993124056 62.830942989281 63.021409932105 63.80277702152 63.90277702152 64.1264905846 64.252068284165 64.389917281699 64.631030673072 64.864131393174 65.025157570255 65.125157570255 65.225157570255 65.325157570255 65.593277127783 65.863107177447 65.963107177447 66.063107177447 66.163107177447 66.395175952358 66.740920753992 66.88091102151 67.407772922748 67.507772922748 67.607772922748 67.707772922748 67.807772922748 67.907772922748 68.007772922748 68.127751304856 68.328389301296 68.541909235207 68.641909235207 68.815212436142 69.683346305963 69.947308708128 70.047308708128 70.185243856445 70.285243856445 70.814922728362 70.914922728362 71.014922728362 71.114922728362 71.214922728362 72.170687337364 72.72691600167 72.82691600167 73.212531874458 73.405051089345 73.709305963179 73.85782433776 73.95782433776 74.05782433776 74.540268490088 74.648854904074 74.962006785302 75.120372439733 76.811720069717 77.271653265986 77.371653265986 77.899665110102 78.406142314378 78.506142314378 78.606142314378 78.706142314378 78.876515524172 78.976515524172 79.076515524172 79.332651965949 79.803634187596 80.304130811477 80.715810586809 80.848311306343 81.058781546776 81.158781546776 81.258781546776 81.358781546776 81.458781546776 82.266024059013 82.564883700584 82.681701842186 82.832776610148 82.968990892184 83.289074443137 83.389074443137 83.805245765234 83.918973726432 84.846463874408 84.946463874408 85.334800125279 85.434800125279 85.534800125279 85.765276781048 85.876839986178 86.597992924204 86.92531751521 87.271890353215 87.371890353215 87.471890353215 87.606650007682 87.77476513689 87.87476513689 87.97476513689 88.07476513689 88.17476513689 88.27476513689 88.37476513689 88.47476513689 88.599275681597 88.699275681597 89.181659872994 89.287574148333 90.008710220435 90.666764936072 90.901049615503 91.205748816339 91.43273982317 91.53273982317 91.823536830898 91.923536830898 92.04182610867 92.284696648194 92.384696648194 92.512848283813 92.813091010448 92.913091010448 94.100791250032 94.78112831401 94.88112831401 95.096827692138 95.380976815952 95.572746729595 96.072039721467 96.294884365695 96.642303631639 96.969749974479 97.804233557942 97.904233557942 98.099700195268 98.22666647594 98.32666647594 98.42666647594 98.52666647594 98.62666647594 98.72666647594 99.243627218081 99.454371911935 99.790708770243 99.941128516874 100.109689659283 100.988309329417 101.088309329417 101.338096996117 101.438096996117 101.538096996117 101.638096996117 101.738096996117 101.838096996117 101.938096996117 102.038096996117 102.398563607336 102.69652813325 103.633201786706 103.751805859289 103.992165752182 104.092165752182 104.237151616234 104.337151616234 104.725488738782 104.825488738782 105.083376087626 105.367760714011 105.53056839699 105.681713701574 105.964302588052 106.156582538326 106.390097621477 106.957557625423 107.271108442946 108.431021574539 108.589504079388 108.689504079388 108.802835063333 109.074811171737 109.667040714446 109.767040714446 109.867040714446 109.967040714446 110.067040714446 110.205741469559 110.739132291428 110.839132291428 111.422515155296 111.543424752168 111.80288727104 112.024762753161 112.124762753161 112.567441844417 112.750783762709 112.998659835933 113.098659835933 113.513878984127 113.613878984127 113.713878984127 113.825756178561 114.225686039021 114.76712695924 114.86712695924 115.103228314092 115.86652448149 116.018785634667 116.309563955523 116.47468972546 116.57468972546 116.92403508333 117.660155152686 117.760155152686 118.053442183271 118.584128846756 118.684128846756 118.784128846756 118.884128846756 119.600728814471 119.783285730781 119.942832882179 120.042832882179 120.260170012964 120.360170012964 120.460170012964 120.560170012964 120.825972612571 120.943141731565 121.20294314071 121.358650468151 121.458650468151 121.558650468151 121.658650468151 121.772970296247 122.184989339537 122.683499139856 123.027169128306 123.127169128306 123.339292400674 123.521423361358 123.621423361358 123.721423361358 123.821423361358 124.001402177012 124.306152013307 124.43222199662 124.58773122639 124.796075786551 125.254891637286 125.354891637286 125.454891637286 125.554891637286 125.654891637286 125.754891637286 125.854891637286 125.954891637286 126.077695166655 126.782854153759 126.882854153759 127.152974420756 127.496560174361 127.841800948278 127.941800948278 128.451215858034 128.551215858034 128.651215858034 128.880121643548 129.080969584215 129.409876148789 129.629429918469 129.729429918469 130.458225954586 130.558225954586 130.658225954586 130.758225954586 130.858225954586 131.039420095595 131.139420095595 131.239420095595 131.339420095595 131.439420095595 131.95218651336 132.05218651336 132.231609708008 132.679107109128 133.063564287747 134.102557061638 134.202557061638 134.489207150272 134.709927286511 134.809927286511 134.909927286511 135.009927286511 135.12232439537 135.339465828236 136.287971774008 136.675224693797 137.198113836953 137.43126680077 137.534449267452 137.634449267452 138.410783467301 138.562603289456 138.662603289456 139.156219761261 139.901769930129 140.071220430643 140.780380478987 141.09468972788 141.496054418647 141.662515040306 141.911380951148 142.219601066906 142.738041432681 142.910400067143 143.010400067143 143.462446303836 143.93497172836 144.03497172836 144.229498764157 144.60055938482 144.70055938482 145.518805028718 145.625438981727 146.121126207878 146.221126207878 146.540226963956 147.542214377675 148.592679234237 148.755378569827 149.105547494067 149.277533363682 149.377533363682 149.533594216001 149.633594216001 149.733594216001 149.859158327036 149.959158327036 150.059158327036 150.467374848798 150.567374848798 150.667374848798 150.767374848798 150.91559730482 151.01559730482 151.11559730482 151.998153525617 152.098153525617 152.198153525617 152.649637907095 152.860171982804 153.76240723405 153.867655558562 154.677646300287 155.066469890376 155.65906678553 155.791557180348 156.163414618933 156.274701953785 156.375997674371 156.503495382833 156.603495382833 156.703495382833 156.803495382833 157.118363686517 157.218363686517 157.836074253131 157.936074253131 158.036074253131 158.136074253131 158.74742302165 159.070709986349 159.170709986349 159.270709986349 159.370709986349 159.635751907264 159.735751907264 159.835751907264 160.302392123031 160.402392123031 160.502392123031 160.602392123031 160.702392123031 160.980271053047 161.396012498216 161.496012498216 161.607867139243 161.744281567935 162.092998840751 162.296753423475 162.739158379277 163.231672770675 163.350792416324 163.675403825225 163.775403825225 163.875403825225 163.975403825225 164.075403825225 164.175403825225 164.275403825225 164.375403825225 164.475403825225 164.575403825225 164.675403825225 164.775403825225 164.927597226815 165.113493024759 165.400928371696 165.546784314455 165.844158377289 166.3228689417 166.4228689417 166.54826239723 166.667741894108 167.106170555364 167.206170555364 167.33413645625 167.722572831758 167.822572831758 167.922572831758 168.02952084464 168.328024187289 168.428024187289 168.762933238185 169.232712846738 169.608316045166 169.894238700313 169.994238700313 170.094238700313 170.194238700313 170.294238700313 170.394238700313 170.494238700313 170.594238700313 171.013607805868 171.129455312753 171.229455312753 171.329455312753 171.597751008627 171.751730829573 172.399842981769 172.499842981769 172.725225865228 173.127330327499 173.296068070912 173.396068070912 173.496068070912 173.657457151304 174.193232076411 174.293232076411 174.452402868513 174.667819741462 174.801670829235 175.602873036638 175.702873036638 175.910008321639 176.07123544443 176.17123544443 176.462948256603 176.603654557057 176.806879147353 176.985225218053 177.085225218053 177.220837343614 177.320837343614 177.54560758477 177.807679861009 177.907679861009 178.082683173507 178.182683173507 178.282683173507 178.382683173507 178.482683173507 179.163319334281 179.263319334281 179.363319334281 179.463319334281 179.879121996869 180.095356524226 180.291565779124 180.391565779124 180.491565779124 181.071889966077 181.606245388681 181.706245388681 181.806245388681 182.184133689508 182.506124183277 183.030283251658 183.157583873375 183.257583873375 183.768081164232 183.906995892522 184.199811816259 184.360055202575 184.660733648532 184.877726144036 184.977726144036 185.291906674197 185.645352506582 185.745352506582 185.904905322465 186.233535846986 186.333535846986 186.666291780381 186.766291780381 186.866291780381 187.110383182234 187.210383182234 188.00209266133 188.10209266133 188.221552297898 188.396558706927 188.620059057597 189.388327863293 189.875822091255 190.079826732246 190.232591122567 190.332591122567 191.016714738917 191.259717461682 191.474076237335 191.971061101046 192.400828428993 192.500828428993 193.042508033183 194.263382780769 194.685941519459 194.785941519459 194.885941519459 194.985941519459 195.085941519459 195.275201807456 195.402256670969 196.147701585301 196.247701585301 196.854044122419 196.991970025567 197.140240424898 197.240240424898 197.540281877368 198.012964165976 198.351893794439 198.451893794439 198.551893794439 199.25047851487 199.35047851487 199.45047851487 199.55047851487 199.65047851487 199.773424380654 199.873424380654 199.973424380654","1 1 1 1 1 1 1 1 1 1 1 1 1 1 1 1 1 1 1 1 1 1 1 1 1 1 1 1 1 1 1 1 1 1 1 1 1 1 1 1 1 1 1 1 1 1 1 1 1 1 1 1 1 1 1 1 1 1 1 1 1 1 1 1 1 1 1 1 1 1 1 1 1 1 1 1 1 1 1 1 1 1 1 1 1 1 1 1 1 1 1 1 1 1 1 1 1 1 1 1 1 1 1 1 1 1 1 1 1 1 1 1 1 1 1 1 1 1 1 1 1 1 1 1 1 1 1 1 1 1 1 1 1 1 1 1 1 1 1 1 1 1 1 1 1 1 1 1 1 1 1 1 1 1 1 1 1 1 1 1 1 1 1 1 1 1 1 1 1 1 1 1 1 1 1 1 1 1 1 1 1 1 1 1 1 1 1 1 1 1 1 1 1 1 1 1 1 1 1 1 1 1 1 1 1 1 1 1 1 1 1 1 1 1 1 1 1 1 1 1 1 1 1 1 1 1 1 1 1 1 1 1 1 1 1 1 1 1 1 1 1 1 1 1 1 1 1 1 1 1 1 1 1 1 1 1 1 1 1 1 1 1 1 1 1 1 1 1 1 1 1 1 1 1 1 1 1 1 1 1 1 1 1 1 1 1 1 1 1 1 1 1 1 1 1 1 1 1 1 1 1 1 1 1 1 1 1 1 1 1 1 1 1 1 1 1 1 1 1 1 1 1 1 1 1 1 1 1 1 1 1 1 1 1 1 1 1 1 1 1 1 1 1 1 1 1 1 1 1 1 1 1 1 1 1 1 1 1 1 1 1 1 1 1 1 1 1 1 1 1 1 1 1 1 1 1 1 1 1 1 1 1 1 1 1 1 1 1 1 1 1 1 1 1 1 1 1 1 1 1 1 1 1 1 1 1 1 1 1 1 1 1 1 1 1 1 1 1 1 1 1 1 1 1 1 1 1 1 1 1 1 1 1 1 1 1 1 1 1 1 1 1 1 1 1 1 1 1 1 1 1 1 1 1 1 1 1 1 1 1 1 1 1 1 1 1 1 1 1 1 1 1 1 1 1 1 1 1 1 1 1 1 1 1 1 1 1 1 1 1 1 1 1 1 1 1 1 1 1 1 1 1 1 1 1 1 1 1 1 1 1 1 1 1 1 1 1 1 1 1 1 1 1 1 1 1 1 1 1 1 1 1 1 1 1 1 1 1 1 1 1 1 1 1 1 1 1 1 1 1 1 1 1 1 1 1 1 1 1 1 1 1 1 1 1 1 1 1 1 1 1 1 1 1 1 1 1 1 1 1 1 1 1 1 1 1 1 1 1 1 1 1 1 1 1 1 1 1 1 1 1 1 1 1 1 1 1 1 1 1 1 1 1 1 1 1 1 1 1 1 1 1 1 1 1 1 1 1 1 1 1 1 1 1 1 1 1 1 1 1 1 1 1 1 1 1 1 1 1 1 1 1 1 1 1 1 1 1 1 1 1 1 1 1 1 1 1 1 1 1 1 1 1 1 1 1 1 1 1 1 1 1 1 1 1 1 1 1 1 1 1 1 1 1 1 1 1 1 1 1 1 1 1 1 1 1 1 1 1 1 1 1 1 1 1 1 1 1 1 1 1 1 1 1 1 1 1 1 1 1 1 1 1 1 1 1 1 1 1 1 1 1 1 1 1 1 1 1 1 1 1 1 1 1 1 1 1 1 1 1 1 1 1 1 1 1 1 1 1 1 1 1 1 1 1 1 1 1 1 1 1 1 1 1 1 1 1 1 1 1 1 1 1 1 1 1 1 1"
General-0-20230512-15:04:36-17086,vector,Network.nodeRx.queue,bufferSize,,,"0.399168626141 0.623808723262 0.937791412774 1.402692465793 1.633498248661 2.121384582632 2.318184867627 2.787925881178 2.925688002846 3.169939609444 3.42947943461 3.55076147554 3.694641274761 3.794641274761 4.338812165054 4.438812165054 5.182136402309 5.282136402309 5.382625963756 5.544987550819 5.937211580225 6.355264380306 6.543432908634 6.706903550439 6.916761763664 7.041479765918 7.69104328738 8.143135603449 8.243135603449 8.343135603449 8.443135603449 8.548394824984 8.648394824984 8.748394824984 9.115185172258 9.902727654427 10.279173719086 10.379173719086 10.827059996987 11.337283050965 12.29858851825 12.45901581142 12.860325700685 13.263826219408 13.418558584315 13.602299689612 13.98143368311 14.265418418538 14.365418418538 14.615693946454 14.871051915041 15.089132213802 15.189132213802 15.320523298544 16.044128418041 16.399469588064 16.583926411003 16.683926411003 16.783926411003 16.906228056726 17.006228056726 17.106228056726 17.40666267171 17.740485217866 17.892755823662 17.992755823662 18.163851622749 18.263851622749 18.363851622749 18.463851622749 18.563851622749 18.663851622749 18.820484500962 18.920484500962 19.123231978323 19.24537124065 19.964849995969 20.547078339523 20.833363078198 20.982799597403 21.094179221166 21.33155286704 21.475185968725 22.056773734149 22.355800684013 22.455800684013 22.555800684013 23.272523234188 23.547251351076 23.811959883948 24.08960924537 24.18960924537 24.28960924537 24.38960924537 24.48960924537 24.688136290105 24.788136290105 25.016892171119 25.129917686175 25.229917686175 25.439302773883 25.539302773883 25.639302773883 25.84489739198 26.958521603524 27.756758264037 27.856758264037 28.048123644414 28.148123644414 28.358703835463 28.458703835463 29.74270730938 30.007392988154 30.22537195156 30.32537195156 30.432158254148 30.589143649396 30.750088899797 30.850088899797 31.064374170435 31.164374170435 31.264374170435 31.364374170435 31.520812269784 31.787830319071 31.887830319071 31.987830319071 32.297056180546 32.397056180546 33.098573802636 33.213577292071 33.485144637291 33.91522755172 34.01522755172 34.11522755172 34.21522755172 34.642910130069 34.922863721507 35.022863721507 35.84151950842 36.778777373316 37.305107698514 37.463191847613 37.641337745946 38.581819567072 38.681819567072 38.828270922903 38.978257644563 39.314318962601 39.414318962601 39.514318962601 39.614318962601 39.714318962601 40.531075257572 40.631075257572 40.731075257572 40.831075257572 40.931075257572 41.031075257572 41.249465448559 41.349465448559 41.876199985024 42.009921078963 42.635899024734 42.735899024734 42.835899024734 43.008369618891 43.216580497908 43.425604880901 43.926415011528 44.026415011528 44.181330705856 44.366520443468 44.987916032712 45.087916032712 45.647654736807 45.862128647076 45.962128647076 46.54613524983 46.64613524983 46.74613524983 46.84613524983 47.000922072426 47.462753985176 47.562753985176 47.758531827111 48.073515279638 48.53383589751 48.63383589751 48.73383589751 48.83383589751 48.93383589751 49.094298771154 49.295498121104 49.395498121104 49.495498121104 49.787074566902 49.902507290913 50.002507290913 50.102507290913 50.226427838087 50.437198596124 50.537198596124 50.820006174697 51.152195643135 51.252195643135 52.056068122123 52.198044160493 52.298044160493 52.622305505944 52.836903747901 52.962989699548 53.187137417244 53.753070811209 53.9653760141 54.220040696605 54.320040696605 54.838522419447 55.601592833668 55.886494824551 56.034650831414 56.183745679996 56.65211064996 57.612862295771 57.913421937583 58.013421937583 58.113421937583 58.396763272384 58.81699382352 58.949674447674 59.075929134613 59.357249638824 59.889624487841 59.989624487841 60.179111063441 60.279111063441 60.806753386539 61.647845999802 61.942691733213 62.164657085822 62.487634403022 62.757093124056 62.931042989281 63.121509932105 63.90287702152 64.00287702152 64.2265905846 64.352168284165 64.490017281699 64.731130673072 64.964231393174 65.125257570255 65.225257570255 65.325257570255 65.425257570255 65.693377127783 65.963207177447 66.063207177447 66.163207177447 66.263207177447 66.495275952358 66.841020753992 66.98101102151 67.507872922748 67.607872922748 67.707872922748 67.807872922748 67.907872922748 68.007872922748 68.107872922748 68.227851304856 68.428489301296 68.642009235207 68.742009235207 68.915312436142 69.783446305963 70.047408708128 70.147408708128 70.285343856445 70.385343856445 70.915022728362 71.015022728362 71.115022728362 71.215022728362 71.315022728362 72.270787337364 72.82701600167 72.92701600167 73.312631874458 73.505151089345 73.809405963179 73.95792433776 74.05792433776 74.15792433776 74.640368490088 74.748954904074 75.062106785302 75.220472439733 76.911820069717 77.371753265986 77.471753265986 77.999765110102 78.506242314378 78.606242314378 78.706242314378 78.806242314378 78.976615524172 79.076615524172 79.176615524172 79.432751965949 79.903734187596 80.404230811477 80.815910586809 80.948411306343 81.158881546776 81.258881546776 81.358881546776 81.458881546776 81.558881546776 82.366124059013 82.664983700584 82.781801842186 82.932876610148 83.069090892184 83.389174443137 83.489174443137 83.905345765234 84.019073726432 84.946563874408 85.046563874408 85.434900125279 85.534900125279 85.634900125279 85.865376781048 85.976939986178 86.698092924204 87.02541751521 87.371990353215 87.471990353215 87.571990353215 87.706750007682 87.87486513689 87.97486513689 88.07486513689 88.17486513689 88.27486513689 88.37486513689 88.47486513689 88.57486513689 88.699375681597 88.799375681597 89.281759872994 89.387674148333 90.108810220435 90.766864936072 91.001149615503 91.305848816339 91.53283982317 91.63283982317 91.923636830898 92.023636830898 92.14192610867 92.384796648194 92.484796648194 92.612948283813 92.913191010448 93.013191010448 94.200891250032 94.88122831401 94.98122831401 95.196927692138 95.481076815952 95.672846729595 96.172139721467 96.394984365695 96.742403631639 97.069849974479 97.904333557942 98.004333557942 98.199800195268 98.32676647594 98.42676647594 98.52676647594 98.62676647594 98.72676647594 98.82676647594 99.343727218081 99.554471911935 99.890808770243 100.041228516874 100.209789659283 101.088409329417 101.188409329417 101.438196996117 101.538196996117 101.638196996117 101.738196996117 101.838196996117 101.938196996117 102.038196996117 102.138196996117 102.498663607336 102.79662813325 103.733301786706 103.851905859289 104.092265752182 104.192265752182 104.337251616234 104.437251616234 104.825588738782 104.925588738782 105.183476087626 105.467860714011 105.63066839699 105.781813701574 106.064402588052 106.256682538326 106.490197621477 107.057657625423 107.371208442946 108.531121574539 108.689604079388 108.789604079388 108.902935063333 109.174911171737 109.767140714446 109.867140714446 109.967140714446 110.067140714446 110.167140714446 110.305841469559 110.839232291428 110.939232291428 111.522615155296 111.643524752168 111.90298727104 112.124862753161 112.224862753161 112.667541844417 112.850883762709 113.098759835933 113.198759835933 113.613978984127 113.713978984127 113.813978984127 113.925856178561 114.325786039021 114.86722695924 114.96722695924 115.203328314092 115.96662448149 116.118885634667 116.409663955523 116.57478972546 116.67478972546 117.02413508333 117.760255152686 117.860255152686 118.153542183271 118.684228846756 118.784228846756 118.884228846756 118.984228846756 119.700828814471 119.883385730781 120.042932882179 120.142932882179 120.360270012964 120.460270012964 120.560270012964 120.660270012964 120.926072612571 121.043241731565 121.30304314071 121.458750468151 121.558750468151 121.658750468151 121.758750468151 121.873070296247 122.285089339537 122.783599139856 123.127269128306 123.227269128306 123.439392400674 123.621523361358 123.721523361358 123.821523361358 123.921523361358 124.101502177012 124.406252013307 124.53232199662 124.68783122639 124.896175786551 125.354991637286 125.454991637286 125.554991637286 125.654991637286 125.754991637286 125.854991637286 125.954991637286 126.054991637286 126.177795166655 126.882954153759 126.982954153759 127.253074420756 127.596660174361 127.941900948278 128.041900948278 128.551315858034 128.651315858034 128.751315858034 128.980221643548 129.181069584215 129.509976148789 129.729529918469 129.829529918469 130.558325954586 130.658325954586 130.758325954586 130.858325954586 130.958325954586 131.139520095595 131.239520095595 131.339520095595 131.439520095595 131.539520095595 132.05228651336 132.15228651336 132.331709708008 132.779207109128 133.163664287747 134.202657061638 134.302657061638 134.589307150272 134.810027286511 134.910027286511 135.010027286511 135.110027286511 135.22242439537 135.439565828236 136.388071774008 136.775324693797 137.298213836953 137.53136680077 137.634549267452 137.734549267452 138.510883467301 138.662703289456 138.762703289456 139.256319761261 140.001869930129 140.171320430643 140.880480478987 141.19478972788 141.596154418647 141.762615040306 142.011480951148 142.319701066906 142.838141432681 143.010500067143 143.110500067143 143.562546303836 144.03507172836 144.13507172836 144.329598764157 144.70065938482 144.80065938482 145.618905028718 145.725538981727 146.221226207878 146.321226207878 146.640326963956 147.642314377675 148.692779234237 148.855478569827 149.205647494067 149.377633363682 149.477633363682 149.633694216001 149.733694216001 149.833694216001 149.959258327036 150.059258327036 150.159258327036 150.567474848798 150.667474848798 150.767474848798 150.867474848798 151.01569730482 151.11569730482 151.21569730482 152.098253525617 152.198253525617 152.298253525617 152.749737907095 152.960271982804 153.86250723405 153.967755558562 154.777746300287 155.166569890376 155.75916678553 155.891657180348 156.263514618933 156.374801953785 156.476097674371 156.603595382833 156.703595382833 156.803595382833 156.903595382833 157.218463686517 157.318463686517 157.936174253131 158.036174253131 158.136174253131 158.236174253131 158.84752302165 159.170809986349 159.270809986349 159.370809986349 159.470809986349 159.735851907264 159.835851907264 159.935851907264 160.402492123031 160.502492123031 160.602492123031 160.702492123031 160.802492123031 161.080371053047 161.496112498216 161.596112498216 161.707967139243 161.844381567935 162.193098840751 162.396853423475 162.839258379277 163.331772770675 163.450892416324 163.775503825225 163.875503825225 163.975503825225 164.075503825225 164.175503825225 164.275503825225 164.375503825225 164.475503825225 164.575503825225 164.675503825225 164.775503825225 164.875503825225 165.027697226815 165.213593024759 165.501028371696 165.646884314455 165.944258377289 166.4229689417 166.5229689417 166.64836239723 166.767841894108 167.206270555364 167.306270555364 167.43423645625 167.822672831758 167.922672831758 168.022672831758 168.12962084464 168.428124187289 168.528124187289 168.863033238185 169.332812846738 169.708416045166 169.994338700313 170.094338700313 170.194338700313 170.294338700313 170.394338700313 170.494338700313 170.594338700313 170.694338700313 171.113707805868 171.229555312753 171.329555312753 171.429555312753 171.697851008627 171.851830829573 172.499942981769 172.599942981769 172.825325865228 173.227430327499 173.396168070912 173.496168070912 173.596168070912 173.757557151304 174.293332076411 174.393332076411 174.552502868513 174.767919741462 174.901770829235 175.702973036638 175.802973036638 176.010108321639 176.17133544443 176.27133544443 176.563048256603 176.703754557057 176.906979147353 177.085325218053 177.185325218053 177.320937343614 177.420937343614 177.64570758477 177.907779861009 178.007779861009 178.182783173507 178.282783173507 178.382783173507 178.482783173507 178.582783173507 179.263419334281 179.363419334281 179.463419334281 179.563419334281 179.979221996869 180.195456524226 180.391665779124 180.491665779124 180.591665779124 181.171989966077 181.706345388681 181.806345388681 181.906345388681 182.284233689508 182.606224183277 183.130383251658 183.257683873375 183.357683873375 183.868181164232 184.007095892522 184.299911816259 184.460155202575 184.760833648532 184.977826144036 185.077826144036 185.392006674197 185.745452506582 185.845452506582 186.005005322465 186.333635846986 186.433635846986 186.766391780381 186.866391780381 186.966391780381 187.210483182234 187.310483182234 188.10219266133 188.20219266133 188.321652297898 188.496658706927 188.720159057597 189.488427863293 189.975922091255 190.179926732246 190.332691122567 190.432691122567 191.116814738917 191.359817461682 191.574176237335 192.071161101046 192.500928428993 192.600928428993 193.142608033183 194.363482780769 194.786041519459 194.886041519459 194.986041519459 195.086041519459 195.186041519459 195.375301807456 195.502356670969 196.247801585301 196.347801585301 196.954144122419 197.092070025567 197.240340424898 197.340340424898 197.640381877368 198.113064165976 198.451993794439 198.551993794439 198.651993794439 199.35057851487 199.45057851487 199.55057851487 199.65057851487 199.75057851487 199.873524380654 199.973524380654","1 1 1 1 1 1 1 1 1 1 1 1 1 2 1 1 1 1 1 2 1 1 1 1 1 1 1 1 1 1 2 2 3 3 3 1 1 1 1 1 1 1 1 1 1 1 1 1 1 1 1 1 1 1 1 1 1 1 2 2 2 3 2 2 2 3 3 3 4 4 5 5 5 6 6 6 4 2 1 2 2 2 2 1 1 1 1 1 1 1 1 1 1 2 2 3 3 3 3 4 4 4 5 5 1 1 1 1 2 1 2 1 1 1 1 1 2 2 2 2 3 3 4 4 4 4 5 4 5 2 3 2 1 2 2 3 1 1 2 1 1 1 1 1 1 1 1 2 1 1 2 2 3 1 1 1 2 2 3 3 3 2 2 1 1 1 2 2 2 1 1 1 1 1 1 1 1 1 1 1 1 2 2 1 1 1 1 1 1 1 2 2 3 3 3 4 3 4 4 5 5 5 5 5 4 5 2 2 3 2 2 2 2 1 1 1 1 1 1 1 1 1 1 1 1 1 1 1 1 1 1 1 1 1 1 2 1 1 1 1 1 1 1 1 1 1 1 1 2 1 1 1 2 2 3 3 2 3 3 4 4 3 3 1 2 2 3 3 4 4 5 5 5 5 5 2 2 2 3 3 1 2 2 3 3 1 1 1 1 1 1 1 1 2 1 1 1 1 1 1 1 1 1 1 1 2 2 3 3 3 2 1 1 1 1 1 2 2 3 1 1 1 1 1 1 1 1 1 1 1 1 1 1 1 2 1 1 1 1 1 2 2 2 3 3 4 4 5 5 6 6 5 5 3 1 1 1 1 1 1 1 1 1 2 2 2 2 1 1 1 1 1 1 1 1 1 1 1 1 1 1 2 2 3 3 4 2 2 2 2 2 1 1 1 1 2 2 3 3 4 4 3 3 1 1 1 1 1 2 1 2 1 1 1 1 1 1 1 1 1 1 1 1 2 1 1 1 1 2 2 3 1 2 1 1 1 1 1 1 1 1 1 1 1 1 2 1 1 1 1 1 1 1 1 1 1 1 1 1 1 1 1 2 1 1 1 1 1 2 2 3 2 3 2 3 3 4 4 5 4 2 1 2 2 2 2 3 3 3 3 3 4 4 2 3 3 4 4 5 5 6 6 4 4 4 3 2 3 1 2 2 2 2 1 1 2 1 1 1 2 2 3 3 4 4 5 3 4 4 2 1 1 1 1 1 1 1 2 2 2 1 1 1 1 1 1 1 1 1 1 1 1 1 1 1 1 1 1 1 1 1 1 1 1 1 1 1 1 1 1 1 1 1 1 1 1 1 1 1 2 2 3 3 4 3 3 4 4 4 5 5 2 3 3 2 2 1 1 1 1 1 1 1 1 1 2 2 3 3 3 3 1 2 2 3 1 1 1 1 2 2 2 3 1 2 2 3 3 3 2 2 3 3 2 2 1 1 1 1 1 1 2 2 3 3 4 4 5 5 6 6 6 6 6 6 4 5 5 6 4 5 5 4 5 5 6 5 6 5 4 3 2 3 3 4 4 5 5 6 5 5 6 6 6 6 4 4 4 3 3 4 4 5 3 3 4 4 4 1 1 1 2 2 2 2 2 2 2 3 3 3 3 3 3 4 4 5 5 3 4 4 5 3 3 3 4 4 3 1 1 2 1 1 1 1 1 1 1 1 1 1 1 1 1 1 1 1 1 1 1 1 1 1 2 1 1 1 2 1 1 1 1 1 1 1 1 1 1 1 1 1 1 1 1 1 2 2 3 3 1 1 1 1 1 2 1 1 1 1 1 1 1 1 2 2 3 3"
General-0-20230512-15:04:36-17086,vector,Network.nodeRx.sink,Delay,,,"0.599168626141 0.823808723262 1.137791412774 1.602692465793 1.833498248661 2.321384582632 2.521384582632 2.987925881178 3.187925881178 3.387925881178 3.62947943461 3.82947943461 4.02947943461 4.22947943461 4.538812165054 4.738812165054 5.382136402309 5.582136402309 5.782136402309 5.982136402309 6.182136402309 6.555264380306 6.755264380306 6.955264380306 7.155264380306 7.355264380306 7.89104328738 8.343135603449 8.543135603449 8.743135603449 8.943135603449 9.143135603449 9.343135603449 9.543135603449 9.743135603449 10.102727654427 10.479173719086 10.679173719086 11.027059996987 11.537283050965 12.49858851825 12.69858851825 13.060325700685 13.463826219408 13.663826219408 13.863826219408 14.18143368311 14.465418418538 14.665418418538 14.865418418538 15.071051915041 15.289132213802 15.489132213802 15.689132213802 16.244128418041 16.599469588064 16.799469588064 16.999469588064 17.199469588064 17.399469588064 17.599469588064 17.799469588064 17.999469588064 18.199469588064 18.399469588064 18.599469588064 18.799469588064 18.999469588064 19.199469588064 19.399469588064 19.599469588064 19.799469588064 19.999469588064 20.199469588064 20.399469588064 20.599469588064 20.799469588064 20.999469588064 21.199469588064 21.399469588064 21.599469588064 21.799469588064 21.999469588064 22.256773734149 22.555800684013 22.755800684013 22.955800684013 23.472523234188 23.747251351076 24.011959883948 24.28960924537 24.48960924537 24.68960924537 24.88960924537 25.08960924537 25.28960924537 25.48960924537 25.68960924537 25.88960924537 26.08960924537 26.28960924537 26.48960924537 26.68960924537 26.88960924537 27.158521603524 27.956758264037 28.156758264037 28.356758264037 28.556758264037 28.756758264037 28.956758264037 29.94270730938 30.207392988154 30.42537195156 30.62537195156 30.82537195156 31.02537195156 31.22537195156 31.42537195156 31.62537195156 31.82537195156 32.02537195156 32.22537195156 32.42537195156 32.62537195156 32.82537195156 33.02537195156 33.22537195156 33.42537195156 33.62537195156 33.82537195156 34.02537195156 34.22537195156 34.42537195156 34.62537195156 34.82537195156 35.02537195156 35.22537195156 35.42537195156 36.04151950842 36.978777373316 37.505107698514 37.705107698514 37.905107698514 38.781819567072 38.981819567072 39.181819567072 39.381819567072 39.581819567072 39.781819567072 39.981819567072 40.181819567072 40.381819567072 40.731075257572 40.931075257572 41.131075257572 41.331075257572 41.531075257572 41.731075257572 41.931075257572 42.131075257572 42.331075257572 42.531075257572 42.835899024734 43.035899024734 43.235899024734 43.435899024734 43.635899024734 43.835899024734 44.126415011528 44.326415011528 44.526415011528 44.726415011528 45.187916032712 45.387916032712 45.847654736807 46.062128647076 46.262128647076 46.74613524983 46.94613524983 47.14613524983 47.34613524983 47.54613524983 47.74613524983 47.94613524983 48.14613524983 48.34613524983 48.73383589751 48.93383589751 49.13383589751 49.33383589751 49.53383589751 49.73383589751 49.93383589751 50.13383589751 50.33383589751 50.53383589751 50.73383589751 50.93383589751 51.13383589751 51.33383589751 51.53383589751 51.73383589751 51.93383589751 52.13383589751 52.33383589751 52.53383589751 52.73383589751 52.93383589751 53.13383589751 53.33383589751 53.53383589751 53.73383589751 53.953070811209 54.1653760141 54.420040696605 54.620040696605 55.038522419447 55.801592833668 56.086494824551 56.286494824551 56.486494824551 56.85211064996 57.812862295771 58.113421937583 58.313421937583 58.513421937583 58.713421937583 59.01699382352 59.21699382352 59.41699382352 59.61699382352 60.089624487841 60.289624487841 60.489624487841 60.689624487841 61.006753386539 61.847845999802 62.142691733213 62.364657085822 62.687634403022 62.957093124056 63.157093124056 63.357093124056 64.10287702152 64.30287702152 64.50287702152 64.70287702152 64.90287702152 65.10287702152 65.30287702152 65.50287702152 65.70287702152 65.90287702152 66.10287702152 66.30287702152 66.50287702152 66.70287702152 66.90287702152 67.10287702152 67.30287702152 67.50287702152 67.70287702152 67.90287702152 68.10287702152 68.30287702152 68.50287702152 68.70287702152 68.90287702152 69.10287702152 69.30287702152 69.50287702152 69.70287702152 69.90287702152 70.10287702152 70.30287702152 70.50287702152 70.70287702152 70.90287702152 71.10287702152 71.30287702152 71.50287702152 71.70287702152 71.90287702152 72.10287702152 72.470787337364 73.02701600167 73.22701600167 73.512631874458 73.712631874458 74.009405963179 74.209405963179 74.409405963179 74.609405963179 74.840368490088 75.040368490088 75.262106785302 75.462106785302 77.111820069717 77.571753265986 77.771753265986 78.199765110102 78.706242314378 78.906242314378 79.106242314378 79.306242314378 79.506242314378 79.706242314378 79.906242314378 80.106242314378 80.306242314378 80.604230811477 81.015910586809 81.215910586809 81.415910586809 81.615910586809 81.815910586809 82.015910586809 82.215910586809 82.566124059013 82.864983700584 83.064983700584 83.264983700584 83.464983700584 83.664983700584 83.864983700584 84.105345765234 84.305345765234 85.146563874408 85.346563874408 85.634900125279 85.834900125279 86.034900125279 86.234900125279 86.434900125279 86.898092924204 87.22541751521 87.571990353215 87.771990353215 87.971990353215 88.171990353215 88.371990353215 88.571990353215 88.771990353215 88.971990353215 89.171990353215 89.371990353215 89.571990353215 89.771990353215 89.971990353215 90.171990353215 90.371990353215 90.571990353215 90.771990353215 90.971990353215 91.201149615503 91.505848816339 91.73283982317 91.93283982317 92.13283982317 92.33283982317 92.53283982317 92.73283982317 92.93283982317 93.13283982317 93.33283982317 93.53283982317 94.400891250032 95.08122831401 95.28122831401 95.48122831401 95.68122831401 95.88122831401 96.372139721467 96.594984365695 96.942403631639 97.269849974479 98.104333557942 98.304333557942 98.504333557942 98.704333557942 98.904333557942 99.104333557942 99.304333557942 99.504333557942 99.704333557942 99.904333557942 100.104333557942 100.304333557942 100.504333557942 100.704333557942 101.288409329417 101.488409329417 101.688409329417 101.888409329417 102.088409329417 102.288409329417 102.488409329417 102.688409329417 102.888409329417 103.088409329417 103.288409329417 103.488409329417 103.933301786706 104.133301786706 104.333301786706 104.533301786706 104.733301786706 104.933301786706 105.133301786706 105.333301786706 105.533301786706 105.733301786706 105.933301786706 106.133301786706 106.333301786706 106.533301786706 106.733301786706 107.257657625423 107.571208442946 108.731121574539 108.931121574539 109.131121574539 109.331121574539 109.531121574539 109.967140714446 110.167140714446 110.367140714446 110.567140714446 110.767140714446 110.967140714446 111.167140714446 111.367140714446 111.722615155296 111.922615155296 112.122615155296 112.324862753161 112.524862753161 112.867541844417 113.067541844417 113.298759835933 113.498759835933 113.813978984127 114.013978984127 114.213978984127 114.413978984127 114.613978984127 115.06722695924 115.26722695924 115.46722695924 116.16662448149 116.36662448149 116.609663955523 116.809663955523 117.009663955523 117.22413508333 117.960255152686 118.160255152686 118.360255152686 118.884228846756 119.084228846756 119.284228846756 119.484228846756 119.900828814471 120.100828814471 120.300828814471 120.500828814471 120.700828814471 120.900828814471 121.100828814471 121.300828814471 121.500828814471 121.700828814471 121.900828814471 122.100828814471 122.300828814471 122.500828814471 122.700828814471 122.900828814471 123.100828814471 123.300828814471 123.500828814471 123.700828814471 123.900828814471 124.100828814471 124.300828814471 124.500828814471 124.700828814471 124.900828814471 125.100828814471 125.300828814471 125.500828814471 125.700828814471 125.900828814471 126.100828814471 126.300828814471 126.500828814471 126.700828814471 126.900828814471 127.100828814471 127.300828814471 127.500828814471 127.700828814471 127.900828814471 128.100828814471 128.300828814471 128.500828814471 128.700828814471 128.900828814471 129.100828814471 129.300828814471 129.500828814471 129.700828814471 129.900828814471 130.100828814471 130.300828814471 130.758325954586 130.958325954586 131.158325954586 131.358325954586 131.558325954586 131.758325954586 131.958325954586 132.158325954586 132.358325954586 132.558325954586 132.758325954586 132.958325954586 133.158325954586 133.358325954586 133.558325954586 134.402657061638 134.602657061638 134.802657061638 135.010027286511 135.210027286511 135.410027286511 135.610027286511 135.810027286511 136.010027286511 136.588071774008 136.975324693797 137.498213836953 137.73136680077 137.93136680077 138.13136680077 138.710883467301 138.910883467301 139.110883467301 139.456319761261 140.201869930129 140.401869930129 141.080480478987 141.39478972788 141.796154418647 141.996154418647 142.211480951148 142.519701066906 143.038141432681 143.238141432681 143.438141432681 143.762546303836 144.23507172836 144.43507172836 144.63507172836 144.90065938482 145.10065938482 145.818905028718 146.018905028718 146.421226207878 146.621226207878 146.840326963956 147.842314377675 148.892779234237 149.092779234237 149.405647494067 149.605647494067 149.805647494067 150.005647494067 150.205647494067 150.405647494067 150.605647494067 150.805647494067 151.005647494067 151.205647494067 151.405647494067 151.605647494067 151.805647494067 152.005647494067 152.205647494067 152.405647494067 152.605647494067 152.805647494067 153.005647494067 153.205647494067 153.405647494067 154.06250723405 154.26250723405 154.977746300287 155.366569890376 155.95916678553 156.15916678553 156.463514618933 156.663514618933 156.863514618933 157.063514618933 157.263514618933 157.463514618933 157.663514618933 157.863514618933 158.063514618933 158.263514618933 158.463514618933 158.663514618933 158.863514618933 159.063514618933 159.370809986349 159.570809986349 159.770809986349 159.970809986349 160.170809986349 160.370809986349 160.570809986349 160.770809986349 160.970809986349 161.170809986349 161.370809986349 161.570809986349 161.770809986349 161.970809986349 162.170809986349 162.370809986349 162.570809986349 162.770809986349 162.970809986349 163.170809986349 163.531772770675 163.731772770675 163.975503825225 164.175503825225 164.375503825225 164.575503825225 164.775503825225 164.975503825225 165.175503825225 165.375503825225 165.575503825225 165.775503825225 165.975503825225 166.175503825225 166.375503825225 166.575503825225 166.775503825225 166.975503825225 167.175503825225 167.375503825225 167.575503825225 167.775503825225 167.975503825225 168.175503825225 168.375503825225 168.575503825225 168.775503825225 168.975503825225 169.175503825225 169.375503825225 169.575503825225 169.775503825225 169.975503825225 170.175503825225 170.375503825225 170.575503825225 170.775503825225 170.975503825225 171.175503825225 171.375503825225 171.575503825225 171.775503825225 171.975503825225 172.175503825225 172.375503825225 172.575503825225 172.775503825225 172.975503825225 173.175503825225 173.375503825225 173.575503825225 173.775503825225 173.975503825225 174.175503825225 174.375503825225 174.575503825225 174.775503825225 174.975503825225 175.175503825225 175.375503825225 175.575503825225 175.775503825225 175.975503825225 176.175503825225 176.375503825225 176.575503825225 176.775503825225 176.975503825225 177.175503825225 177.375503825225 177.575503825225 177.775503825225 177.975503825225 178.175503825225 178.375503825225 178.575503825225 178.775503825225 178.975503825225 179.175503825225 179.375503825225 179.575503825225 179.775503825225 179.975503825225 180.175503825225 180.375503825225 180.575503825225 180.775503825225 180.975503825225 181.175503825225 181.375503825225 181.575503825225 181.775503825225 181.975503825225 182.175503825225 182.375503825225 182.575503825225 182.806224183277 183.330383251658 183.530383251658 183.730383251658 184.068181164232 184.268181164232 184.499911816259 184.699911816259 184.960833648532 185.177826144036 185.377826144036 185.592006674197 185.945452506582 186.145452506582 186.345452506582 186.545452506582 186.745452506582 186.966391780381 187.166391780381 187.366391780381 187.566391780381 187.766391780381 188.30219266133 188.50219266133 188.70219266133 188.90219266133 189.10219266133 189.688427863293 190.175922091255 190.379926732246 190.579926732246 190.779926732246 191.316814738917 191.559817461682 191.774176237335 192.271161101046 192.700928428993 192.900928428993 193.342608033183 194.563482780769 194.986041519459 195.186041519459 195.386041519459 195.586041519459 195.786041519459 195.986041519459 196.186041519459 196.447801585301 196.647801585301 197.154144122419 197.354144122419 197.554144122419 197.754144122419 197.954144122419 198.313064165976 198.651993794439 198.851993794439 199.051993794439 199.55057851487 199.75057851487 199.95057851487","0.4002 0.4002 0.4002 0.4002 0.4002 0.4002 0.403399715005 0.4002 0.462437878332 0.418186271734 0.4002 0.47891795907 0.535038159849 0.646748375065 0.4002 0.585603832727 0.4002 0.52061096479 0.599710438553 0.63734885149 0.445124822084 0.4002 0.412031471672 0.448560829867 0.438702616642 0.513984614388 0.4002 0.4002 0.581778661134 0.678884162073 0.856093905542 0.794940778465 0.989834381365 1.075022347051 0.828150431191 0.4002 0.4002 0.562392286584 0.4002 0.4002 0.4002 0.43977270683 0.4002 0.4002 0.445467635093 0.461726529796 0.4002 0.4002 0.56873139764 0.449924472084 0.4002 0.4002 0.561517579875 0.568808915258 0.4002 0.4002 0.415743177061 0.587756636903 0.653865206846 0.693441531338 0.8166214433 0.965070622792 0.793006916354 0.659184370198 0.706913764402 0.845901641718 0.835817965315 0.999498458492 1.194756316192 1.296813613523 1.256468378757 1.415934256396 1.379185087102 1.516324604083 1.476437609741 1.554298347414 1.034819592095 0.652591248541 0.566306509866 0.616869990661 0.705490366898 0.668116721024 0.724483619339 0.4002 0.4002 0.574059693556 0.758530870939 0.4002 0.4002 0.4002 0.4002 0.553343483496 0.694291806975 0.78344079982 0.948933627713 0.801672955265 0.906932464194 0.872917074251 0.959891559195 1.061613419869 1.050506471487 1.240710682384 1.296379604682 1.24491185339 0.4002 0.4002 0.573291222961 0.508834619623 0.650259239929 0.598254428574 0.754276042218 0.4002 0.4002 0.4002 0.527179866683 0.593413697412 0.636428302164 0.675483051763 0.805413799643 0.761197781125 0.917915917088 1.014790609607 1.185551757159 1.104759681776 1.037741632489 1.142352671645 1.305174604332 1.128515771014 1.273795621887 0.726998148924 0.811994659489 0.740427314269 0.51034439984 0.706928255232 0.881392034851 0.837616551312 0.582661821491 0.502708230053 0.677449536226 0.4002 0.4002 0.4002 0.442115850901 0.463969952568 0.4002 0.585868268394 0.553748644169 0.603761922509 0.467700604471 0.662653072434 0.852658997669 0.906939400452 1.023836840211 0.4002 0.568185808672 0.656830943192 0.769036920847 0.805125349756 0.97352819065 0.881809809013 0.986134571798 0.655075272548 0.721354178609 0.4002 0.583625649629 0.722526787609 0.627729405843 0.619518526826 0.610494143833 0.4002 0.523096289976 0.545284305672 0.56009456806 0.4002 0.575537422895 0.4002 0.4002 0.578507379415 0.4002 0.518864896118 0.622974842593 0.820624654927 0.745413177404 0.483581264654 0.648248586264 0.587803422719 0.472819970192 0.4002 0.514786458243 0.637907027302 0.78731941766 0.860519386846 0.839737126356 0.838537776406 1.033459661707 1.188396598711 0.946961330608 1.031528606597 1.230351971474 1.390766594916 1.307608059423 1.296837301386 1.418156886172 1.314029722813 1.181840254375 1.296753569816 0.677967775387 0.735991737017 0.86448649389 0.711730391566 0.697132149609 0.771046197962 0.746898480266 0.4002 0.4002 0.4002 0.537095001777 0.4002 0.4002 0.4002 0.452043993137 0.502949144555 0.4002 0.4002 0.4002 0.569318338159 0.68106330484 0.516858665199 0.4002 0.467519375846 0.541264688907 0.459944184696 0.4002 0.528347380982 0.5107134244 0.616778713798 0.4002 0.4002 0.4002 0.4002 0.4002 0.4002 0.426250134775 0.435783191951 0.4002 0.534685689581 0.47648643692 0.550908737355 0.613059739821 0.571946348448 0.538845628346 0.577819451265 0.772974505928 0.81419257702 0.924460773053 0.809699893737 0.739869844073 0.854953660927 0.969303754752 1.048394833105 1.007801069162 0.862056267528 0.92206600001 0.595204098772 0.75881060416 0.931673829536 1.043117796475 1.218887107831 1.207914989683 1.29865798624 1.275225716664 1.274587720224 1.261067786313 1.452516931723 1.387764585378 0.719630715557 0.655668313392 0.758885790355 0.817733165075 0.955212791331 0.588054293158 0.749980886844 0.835437665854 1.009857512141 1.066742124284 0.4002 0.4002 0.524808521694 0.4002 0.407680785113 0.4002 0.451681625419 0.625278464512 0.799058005612 0.4002 0.491613586014 0.4002 0.441834345569 0.4002 0.4002 0.559732478322 0.4002 0.4002 0.590629271779 0.746297877993 0.768818396187 0.729826790206 0.884192139735 1.051146212331 0.873690348429 0.602708126782 0.4002 0.4002 0.467699280466 0.457229040033 0.619531287485 0.688813779963 0.880367083575 1.062448237497 0.4002 0.4002 0.483381858398 0.532307090436 0.5960928084 0.476009257447 0.663031119401 0.4002 0.486472038802 0.4002 0.596008058502 0.4002 0.534617672708 0.731671864728 0.569723344231 0.658160139101 0.4002 0.4002 0.4002 0.553126256195 0.64947312053 0.665440345533 0.697325216325 0.883357703103 0.979862972435 1.12407817041 1.274620793545 1.46994692594 1.623067188139 1.428464007613 1.472814671618 1.609438245332 1.290430480221 1.384516204882 0.86338013278 0.405325417143 0.4002 0.4002 0.4002 0.592110798839 0.409402992272 0.564413656884 0.5911137145 0.548243174976 0.735322448527 0.720091539357 0.619848812722 0.751931795136 0.4002 0.4002 0.522458048758 0.484500621872 0.400351498058 0.408581584415 0.4002 0.4002 0.4002 0.4002 0.4002 0.506728376024 0.504733362674 0.577767082002 0.71807886379 0.859197720435 0.996298067157 1.144790055036 1.283075237836 0.760806339861 0.750061646007 0.613724787699 0.663305041068 0.694743898659 0.4002 0.535696809015 0.4504123333 0.577035420319 0.75474684782 0.939801607091 1.125283516562 1.182809125235 1.215530694313 1.322113245714 0.989945722081 0.891981196167 0.4002 0.481595927417 0.441236034524 0.591744100691 0.596250170472 0.790003082144 0.507913047924 0.690508630156 0.55002569908 0.465641072695 0.502833389716 0.551688085132 0.469099198654 0.47681924838 0.443304165229 0.4002 0.4002 0.4002 0.441717495151 0.58059473964 0.628386511206 0.556410402802 0.4002 0.523798774546 0.686899766323 0.88168296167 1.016595108783 0.861499244887 0.528108423018 0.631686499507 0.4002 0.479290403128 0.419827884256 0.4002 0.502056742953 0.4002 0.416858081708 0.4002 0.600186162026 0.4002 0.506759176546 0.626865512828 0.688322805566 0.488392945106 0.4002 0.548863057816 0.464098645148 0.4002 0.447938846823 0.4002 0.435074230063 0.574394606645 0.4002 0.4002 0.535039967656 0.406912969415 0.4002 0.526962135378 0.632854797498 0.772873917639 0.4002 0.41764308369 0.458095932292 0.651596495994 0.540758801507 0.682627546911 0.840908886603 0.90269929394 0.7749562019 0.857787082906 0.797985673761 0.84227834632 0.981798435127 1.100494430633 1.248904932232 1.227958518224 1.015939474934 0.717429674615 0.573759686165 0.742501538684 0.661636413797 0.679505453113 0.798455674741 0.963045166042 1.114979805831 0.999526637459 0.894776801164 0.968706817851 1.013197588081 1.00485302792 0.746037177185 0.89542248626 1.038111404958 1.198992462362 1.353923887467 1.386538739752 1.553203583934 1.643339736311 1.523233647816 1.018074660712 1.210343087822 1.047954393715 0.90436864011 0.759127866193 0.934835946601 0.549712956437 0.688413433276 0.866636287461 0.720807170923 0.719959230256 0.591052665682 0.571498896002 0.759826960091 0.4002 0.541536037686 0.655156141759 0.770617463048 0.901735478788 0.819005858991 0.992584065465 1.176305849268 1.372164325663 1.369379070106 0.906239441226 1.103918685131 1.026816246578 0.779318845458 0.594861666839 0.4002 0.517472529706 0.413549911366 0.4002 0.550089451229 0.733566448556 0.754004828529 0.787802891141 0.770661458275 0.4002 0.4002 0.4002 0.4002 0.497017533318 0.635413577765 0.4002 0.448380177845 0.582485899636 0.4002 0.4002 0.430749499486 0.4002 0.4002 0.4002 0.433739378341 0.4002 0.4002 0.4002 0.427841365538 0.541153039591 0.4002 0.4002 0.546175945851 0.505672964203 0.4002 0.596868688793 0.4002 0.493566046991 0.4002 0.560116476378 0.4002 0.4002 0.4002 0.43750066441 0.4002 0.428214130385 0.627200050055 0.572153278066 0.69365380355 0.778705974106 0.846589167031 1.009782907703 1.070030990205 0.838372645269 0.949973501453 1.097340179402 1.169161518745 1.190150189247 1.358005129928 1.49450228534 0.70759396845 0.88185187752 0.951582172249 0.656109586972 0.645575511263 0.4002 0.494951675488 0.4002 0.4002 0.4002 0.467709605182 0.4002 0.488912665148 0.587616944562 0.6601192361 0.83897436316 0.949150886878 1.018408973464 0.845250932416 0.979183316382 0.527540365802 0.692008987954 0.793633385173 0.979906542035 0.416191597283 0.4002 0.596688352189 0.793815039637 0.803209118583 0.635158079085 0.74434752436 0.904614229446 0.568517863318 0.747802295088 0.875674117501 1.05220548068 0.969360788779 0.890638933302 0.674897488133 0.804516482515 0.863042847106 0.926628418414 0.777911145598 0.774156562874 0.531751607072 0.4002 0.481080354351 0.4002 0.574816479015 0.696026471836 0.822051003524 0.98680903242 0.962726731165 1.148485098048 1.186691422037 1.296951092443 1.329625374446 1.453632484639 1.500272712241 1.54800659841 1.562110800466 1.474675453529 1.52881951077 1.431445447936 1.152734883525 1.269384048931 1.327341427995 1.407861931117 1.169433269861 1.319469385381 1.341467368975 1.153030993467 1.330446682447 1.51581470771 1.446082980585 1.347579637936 1.489724394947 1.31267058704 1.042890978487 0.867287780059 0.781365124912 0.906283854841 1.057168383367 1.140141770058 1.322036992529 1.300596831022 1.498162978687 1.618517016717 1.261996019357 1.346148512472 1.510335257127 1.655468216904 1.477852816598 1.523872995652 1.075760843456 1.264351331082 1.150377959997 0.948273497726 0.979535754313 1.159516040327 1.201033008704 1.218146673921 0.882371748814 0.990758925856 1.023200956712 1.007784083763 1.07393299599 0.472730788587 0.624906777112 0.565595503586 0.604368380795 0.795367673358 0.612655568622 0.671949268168 0.668724677872 0.690378607172 0.846829817078 0.854766481611 1.015945085235 0.929996240455 0.867923964216 0.986631246594 0.992920651718 1.158432343736 1.259917950749 1.335244867531 1.495491863331 0.912284490944 1.068734811798 1.216938516235 1.382291810879 0.996481828356 0.980247300999 0.984038046101 1.159838678024 1.207217966775 0.803713859148 0.469358436544 0.647704187932 0.694303135497 0.491470135717 0.4002 0.4002 0.472899378283 0.648369497626 0.4002 0.46128527171 0.4002 0.439956613684 0.4002 0.4002 0.500929762495 0.4002 0.4002 0.593339474892 0.540647184117 0.412016659596 0.543400779095 0.4002 0.556451237945 0.753997628845 0.556108598147 0.663962863244 0.4002 0.533926724648 0.580740363432 0.605733954403 0.582233603733 0.4002 0.4002 0.4002 0.447435609679 0.621797636428 0.4002 0.4002 0.4002 0.4002 0.4002 0.557315343157 0.4002 0.4002 0.4002 0.577991904336 0.734577763534 0.909772381913 0.861952505473 0.810939712003 0.88388484849 0.4002 0.584008576803 0.4002 0.462274096852 0.514003697521 0.639171601916 0.513962245051 0.4002 0.4002 0.591732036189 0.70005574774 0.4002 0.568306606551 0.658537360154"
General-0-20230512-15:04:36-17086,vector,Network.nodeRx.sink,packetReceived,,,"0.599168626141 0.823808723262 1.137791412774 1.602692465793 1.833498248661 2.321384582632 2.521384582632 2.987925881178 3.187925881178 3.387925881178 3.62947943461 3.82947943461 4.02947943461 4.22947943461 4.538812165054 4.738812165054 5.382136402309 5.582136402309 5.782136402309 5.982136402309 6.182136402309 6.555264380306 6.755264380306 6.955264380306 7.155264380306 7.355264380306 7.89104328738 8.343135603449 8.543135603449 8.743135603449 8.943135603449 9.143135603449 9.343135603449 9.543135603449 9.743135603449 10.102727654427 10.479173719086 10.679173719086 11.027059996987 11.537283050965 12.49858851825 12.69858851825 13.060325700685 13.463826219408 13.663826219408 13.863826219408 14.18143368311 14.465418418538 14.665418418538 14.865418418538 15.071051915041 15.289132213802 15.489132213802 15.689132213802 16.244128418041 16.599469588064 16.799469588064 16.999469588064 17.199469588064 17.399469588064 17.599469588064 17.799469588064 17.999469588064 18.199469588064 18.399469588064 18.599469588064 18.799469588064 18.999469588064 19.199469588064 19.399469588064 19.599469588064 19.799469588064 19.999469588064 20.199469588064 20.399469588064 20.599469588064 20.799469588064 20.999469588064 21.199469588064 21.399469588064 21.599469588064 21.799469588064 21.999469588064 22.256773734149 22.555800684013 22.755800684013 22.955800684013 23.472523234188 23.747251351076 24.011959883948 24.28960924537 24.48960924537 24.68960924537 24.88960924537 25.08960924537 25.28960924537 25.48960924537 25.68960924537 25.88960924537 26.08960924537 26.28960924537 26.48960924537 26.68960924537 26.88960924537 27.158521603524 27.956758264037 28.156758264037 28.356758264037 28.556758264037 28.756758264037 28.956758264037 29.94270730938 30.207392988154 30.42537195156 30.62537195156 30.82537195156 31.02537195156 31.22537195156 31.42537195156 31.62537195156 31.82537195156 32.02537195156 32.22537195156 32.42537195156 32.62537195156 32.82537195156 33.02537195156 33.22537195156 33.42537195156 33.62537195156 33.82537195156 34.02537195156 34.22537195156 34.42537195156 34.62537195156 34.82537195156 35.02537195156 35.22537195156 35.42537195156 36.04151950842 36.978777373316 37.505107698514 37.705107698514 37.905107698514 38.781819567072 38.981819567072 39.181819567072 39.381819567072 39.581819567072 39.781819567072 39.981819567072 40.181819567072 40.381819567072 40.731075257572 40.931075257572 41.131075257572 41.331075257572 41.531075257572 41.731075257572 41.931075257572 42.131075257572 42.331075257572 42.531075257572 42.835899024734 43.035899024734 43.235899024734 43.435899024734 43.635899024734 43.835899024734 44.126415011528 44.326415011528 44.526415011528 44.726415011528 45.187916032712 45.387916032712 45.847654736807 46.062128647076 46.262128647076 46.74613524983 46.94613524983 47.14613524983 47.34613524983 47.54613524983 47.74613524983 47.94613524983 48.14613524983 48.34613524983 48.73383589751 48.93383589751 49.13383589751 49.33383589751 49.53383589751 49.73383589751 49.93383589751 50.13383589751 50.33383589751 50.53383589751 50.73383589751 50.93383589751 51.13383589751 51.33383589751 51.53383589751 51.73383589751 51.93383589751 52.13383589751 52.33383589751 52.53383589751 52.73383589751 52.93383589751 53.13383589751 53.33383589751 53.53383589751 53.73383589751 53.953070811209 54.1653760141 54.420040696605 54.620040696605 55.038522419447 55.801592833668 56.086494824551 56.286494824551 56.486494824551 56.85211064996 57.812862295771 58.113421937583 58.313421937583 58.513421937583 58.713421937583 59.01699382352 59.21699382352 59.41699382352 59.61699382352 60.089624487841 60.289624487841 60.489624487841 60.689624487841 61.006753386539 61.847845999802 62.142691733213 62.364657085822 62.687634403022 62.957093124056 63.157093124056 63.357093124056 64.10287702152 64.30287702152 64.50287702152 64.70287702152 64.90287702152 65.10287702152 65.30287702152 65.50287702152 65.70287702152 65.90287702152 66.10287702152 66.30287702152 66.50287702152 66.70287702152 66.90287702152 67.10287702152 67.30287702152 67.50287702152 67.70287702152 67.90287702152 68.10287702152 68.30287702152 68.50287702152 68.70287702152 68.90287702152 69.10287702152 69.30287702152 69.50287702152 69.70287702152 69.90287702152 70.10287702152 70.30287702152 70.50287702152 70.70287702152 70.90287702152 71.10287702152 71.30287702152 71.50287702152 71.70287702152 71.90287702152 72.10287702152 72.470787337364 73.02701600167 73.22701600167 73.512631874458 73.712631874458 74.009405963179 74.209405963179 74.409405963179 74.609405963179 74.840368490088 75.040368490088 75.262106785302 75.462106785302 77.111820069717 77.571753265986 77.771753265986 78.199765110102 78.706242314378 78.906242314378 79.106242314378 79.306242314378 79.506242314378 79.706242314378 79.906242314378 80.106242314378 80.306242314378 80.604230811477 81.015910586809 81.215910586809 81.415910586809 81.615910586809 81.815910586809 82.015910586809 82.215910586809 82.566124059013 82.864983700584 83.064983700584 83.264983700584 83.464983700584 83.664983700584 83.864983700584 84.105345765234 84.305345765234 85.146563874408 85.346563874408 85.634900125279 85.834900125279 86.034900125279 86.234900125279 86.434900125279 86.898092924204 87.22541751521 87.571990353215 87.771990353215 87.971990353215 88.171990353215 88.371990353215 88.571990353215 88.771990353215 88.971990353215 89.171990353215 89.371990353215 89.571990353215 89.771990353215 89.971990353215 90.171990353215 90.371990353215 90.571990353215 90.771990353215 90.971990353215 91.201149615503 91.505848816339 91.73283982317 91.93283982317 92.13283982317 92.33283982317 92.53283982317 92.73283982317 92.93283982317 93.13283982317 93.33283982317 93.53283982317 94.400891250032 95.08122831401 95.28122831401 95.48122831401 95.68122831401 95.88122831401 96.372139721467 96.594984365695 96.942403631639 97.269849974479 98.104333557942 98.304333557942 98.504333557942 98.704333557942 98.904333557942 99.104333557942 99.304333557942 99.504333557942 99.704333557942 99.904333557942 100.104333557942 100.304333557942 100.504333557942 100.704333557942 101.288409329417 101.488409329417 101.688409329417 101.888409329417 102.088409329417 102.288409329417 102.488409329417 102.688409329417 102.888409329417 103.088409329417 103.288409329417 103.488409329417 103.933301786706 104.133301786706 104.333301786706 104.533301786706 104.733301786706 104.933301786706 105.133301786706 105.333301786706 105.533301786706 105.733301786706 105.933301786706 106.133301786706 106.333301786706 106.533301786706 106.733301786706 107.257657625423 107.571208442946 108.731121574539 108.931121574539 109.131121574539 109.331121574539 109.531121574539 109.967140714446 110.167140714446 110.367140714446 110.567140714446 110.767140714446 110.967140714446 111.167140714446 111.367140714446 111.722615155296 111.922615155296 112.122615155296 112.324862753161 112.524862753161 112.867541844417 113.067541844417 113.298759835933 113.498759835933 113.813978984127 114.013978984127 114.213978984127 114.413978984127 114.613978984127 115.06722695924 115.26722695924 115.46722695924 116.16662448149 116.36662448149 116.609663955523 116.809663955523 117.009663955523 117.22413508333 117.960255152686 118.160255152686 118.360255152686 118.884228846756 119.084228846756 119.284228846756 119.484228846756 119.900828814471 120.100828814471 120.300828814471 120.500828814471 120.700828814471 120.900828814471 121.100828814471 121.300828814471 121.500828814471 121.700828814471 121.900828814471 122.100828814471 122.300828814471 122.500828814471 122.700828814471 122.900828814471 123.100828814471 123.300828814471 123.500828814471 123.700828814471 123.900828814471 124.100828814471 124.300828814471 124.500828814471 124.700828814471 124.900828814471 125.100828814471 125.300828814471 125.500828814471 125.700828814471 125.900828814471 126.100828814471 126.300828814471 126.500828814471 126.700828814471 126.900828814471 127.100828814471 127.300828814471 127.500828814471 127.700828814471 127.900828814471 128.100828814471 128.300828814471 128.500828814471 128.700828814471 128.900828814471 129.100828814471 129.300828814471 129.500828814471 129.700828814471 129.900828814471 130.100828814471 130.300828814471 130.758325954586 130.958325954586 131.158325954586 131.358325954586 131.558325954586 131.758325954586 131.958325954586 132.158325954586 132.358325954586 132.558325954586 132.758325954586 132.958325954586 133.158325954586 133.358325954586 133.558325954586 134.402657061638 134.602657061638 134.802657061638 135.010027286511 135.210027286511 135.410027286511 135.610027286511 135.810027286511 136.010027286511 136.588071774008 136.975324693797 137.498213836953 137.73136680077 137.93136680077 138.13136680077 138.710883467301 138.910883467301 139.110883467301 139.456319761261 140.201869930129 140.401869930129 141.080480478987 141.39478972788 141.796154418647 141.996154418647 142.211480951148 142.519701066906 143.038141432681 143.238141432681 143.438141432681 143.762546303836 144.23507172836 144.43507172836 144.63507172836 144.90065938482 145.10065938482 145.818905028718 146.018905028718 146.421226207878 146.621226207878 146.840326963956 147.842314377675 148.892779234237 149.092779234237 149.405647494067 149.605647494067 149.805647494067 150.005647494067 150.205647494067 150.405647494067 150.605647494067 150.805647494067 151.005647494067 151.205647494067 151.405647494067 151.605647494067 151.805647494067 152.005647494067 152.205647494067 152.405647494067 152.605647494067 152.805647494067 153.005647494067 153.205647494067 153.405647494067 154.06250723405 154.26250723405 154.977746300287 155.366569890376 155.95916678553 156.15916678553 156.463514618933 156.663514618933 156.863514618933 157.063514618933 157.263514618933 157.463514618933 157.663514618933 157.863514618933 158.063514618933 158.263514618933 158.463514618933 158.663514618933 158.863514618933 159.063514618933 159.370809986349 159.570809986349 159.770809986349 159.970809986349 160.170809986349 160.370809986349 160.570809986349 160.770809986349 160.970809986349 161.170809986349 161.370809986349 161.570809986349 161.770809986349 161.970809986349 162.170809986349 162.370809986349 162.570809986349 162.770809986349 162.970809986349 163.170809986349 163.531772770675 163.731772770675 163.975503825225 164.175503825225 164.375503825225 164.575503825225 164.775503825225 164.975503825225 165.175503825225 165.375503825225 165.575503825225 165.775503825225 165.975503825225 166.175503825225 166.375503825225 166.575503825225 166.775503825225 166.975503825225 167.175503825225 167.375503825225 167.575503825225 167.775503825225 167.975503825225 168.175503825225 168.375503825225 168.575503825225 168.775503825225 168.975503825225 169.175503825225 169.375503825225 169.575503825225 169.775503825225 169.975503825225 170.175503825225 170.375503825225 170.575503825225 170.775503825225 170.975503825225 171.175503825225 171.375503825225 171.575503825225 171.775503825225 171.975503825225 172.175503825225 172.375503825225 172.575503825225 172.775503825225 172.975503825225 173.175503825225 173.375503825225 173.575503825225 173.775503825225 173.975503825225 174.175503825225 174.375503825225 174.575503825225 174.775503825225 174.975503825225 175.175503825225 175.375503825225 175.575503825225 175.775503825225 175.975503825225 176.175503825225 176.375503825225 176.575503825225 176.775503825225 176.975503825225 177.175503825225 177.375503825225 177.575503825225 177.775503825225 177.975503825225 178.175503825225 178.375503825225 178.575503825225 178.775503825225 178.975503825225 179.175503825225 179.375503825225 179.575503825225 179.775503825225 179.975503825225 180.175503825225 180.375503825225 180.575503825225 180.775503825225 180.975503825225 181.175503825225 181.375503825225 181.575503825225 181.775503825225 181.975503825225 182.175503825225 182.375503825225 182.575503825225 182.806224183277 183.330383251658 183.530383251658 183.730383251658 184.068181164232 184.268181164232 184.499911816259 184.699911816259 184.960833648532 185.177826144036 185.377826144036 185.592006674197 185.945452506582 186.145452506582 186.345452506582 186.545452506582 186.745452506582 186.966391780381 187.166391780381 187.366391780381 187.566391780381 187.766391780381 188.30219266133 188.50219266133 188.70219266133 188.90219266133 189.10219266133 189.688427863293 190.175922091255 190.379926732246 190.579926732246 190.779926732246 191.316814738917 191.559817461682 191.774176237335 192.271161101046 192.700928428993 192.900928428993 193.342608033183 194.563482780769 194.986041519459 195.186041519459 195.386041519459 195.586041519459 195.786041519459 195.986041519459 196.186041519459 196.447801585301 196.647801585301 197.154144122419 197.354144122419 197.554144122419 197.754144122419 197.954144122419 198.313064165976 198.651993794439 198.851993794439 199.051993794439 199.55057851487 199.75057851487 199.95057851487","1 1 1 1 1 1 1 1 1 1 1 1 1 1 1 1 1 1 1 1 1 1 1 1 1 1 1 1 1 1 1 1 1 1 1 1 1 1 1 1 1 1 1 1 1 1 1 1 1 1 1 1 1 1 1 1 1 1 1 1 1 1 1 1 1 1 1 1 1 1 1 1 1 1 1 1 1 1 1 1 1 1 1 1 1 1 1 1 1 1 1 1 1 1 1 1 1 1 1 1 1 1 1 1 1 1 1 1 1 1 1 1 1 1 1 1 1 1 1 1 1 1 1 1 1 1 1 1 1 1 1 1 1 1 1 1 1 1 1 1 1 1 1 1 1 1 1 1 1 1 1 1 1 1 1 1 1 1 1 1 1 1 1 1 1 1 1 1 1 1 1 1 1 1 1 1 1 1 1 1 1 1 1 1 1 1 1 1 1 1 1 1 1 1 1 1 1 1 1 1 1 1 1 1 1 1 1 1 1 1 1 1 1 1 1 1 1 1 1 1 1 1 1 1 1 1 1 1 1 1 1 1 1 1 1 1 1 1 1 1 1 1 1 1 1 1 1 1 1 1 1 1 1 1 1 1 1 1 1 1 1 1 1 1 1 1 1 1 1 1 1 1 1 1 1 1 1 1 1 1 1 1 1 1 1 1 1 1 1 1 1 1 1 1 1 1 1 1 1 1 1 1 1 1 1 1 1 1 1 1 1 1 1 1 1 1 1 1 1 1 1 1 1 1 1 1 1 1 1 1 1 1 1 1 1 1 1 1 1 1 1 1 1 1 1 1 1 1 1 1 1 1 1 1 1 1 1 1 1 1 1 1 1 1 1 1 1 1 1 1 1 1 1 1 1 1 1 1 1 1 1 1 1 1 1 1 1 1 1 1 1 1 1 1 1 1 1 1 1 1 1 1 1 1 1 1 1 1 1 1 1 1 1 1 1 1 1 1 1 1 1 1 1 1 1 1 1 1 1 1 1 1 1 1 1 1 1 1 1 1 1 1 1 1 1 1 1 1 1 1 1 1 1 1 1 1 1 1 1 1 1 1 1 1 1 1 1 1 1 1 1 1 1 1 1 1 1 1 1 1 1 1 1 1 1 1 1 1 1 1 1 1 1 1 1 1 1 1 1 1 1 1 1 1 1 1 1 1 1 1 1 1 1 1 1 1 1 1 1 1 1 1 1 1 1 1 1 1 1 1 1 1 1 1 1 1 1 1 1 1 1 1 1 1 1 1 1 1 1 1 1 1 1 1 1 1 1 1 1 1 1 1 1 1 1 1 1 1 1 1 1 1 1 1 1 1 1 1 1 1 1 1 1 1 1 1 1 1 1 1 1 1 1 1 1 1 1 1 1 1 1 1 1 1 1 1 1 1 1 1 1 1 1 1 1 1 1 1 1 1 1 1 1 1 1 1 1 1 1 1 1 1 1 1 1 1 1 1 1 1 1 1 1 1 1 1 1 1 1 1 1 1 1 1 1 1 1 1 1 1 1 1 1 1 1 1 1 1 1 1 1 1 1 1 1 1 1 1 1 1 1 1 1 1 1 1 1 1 1 1 1 1 1 1 1 1 1 1 1 1 1 1 1 1 1 1 1 1 1 1 1 1 1 1 1 1 1 1 1 1 1 1 1 1 1 1 1 1 1 1 1 1 1 1 1 1 1 1 1 1 1 1 1 1 1 1 1 1 1 1 1 1 1 1 1 1 1 1 1 1 1 1 1 1 1 1 1 1 1 1 1 1 1 1 1 1 1 1 1 1 1 1 1 1 1 1 1 1 1 1 1 1 1"
